date,equity,cash,invested_capital,gross_exposure,open_positions,daily_return,cumulative_return,drawdown_from_peak,cash_yield_today,strategy_return_excl_cash,strategy_return_incl_cash
2024-01-02,10007.347430687725,5500.982142857143,4506.365287830583,0.450305669813334,9,0.0007347430687725254,0.0007347430687725254,0.0,0.9821428571428571,0.00063652878305831,0.0007347430687725254
2024-01-03,9974.726748943584,4501.051015395475,5473.675733548109,0.5487544542639047,11,-0.003259673152159137,-0.0025273251056416868,0.003259673152159137,0.8036156071050661,-0.0027059009520664645,-0.0025273251056416868
2024-01-04,9996.97440160552,3504.2039794904913,6492.770422115029,0.6494735468235556,13,0.002230402217713978,-0.00030255983944804665,0.0010365413166726345,0.6256389893751994,-0.0005436995848103754,-0.00030255983944804665
2024-01-05,10015.294914775342,3504.8297302011147,6510.465184574227,0.650052269051956,13,0.001832605789895858,0.0015294914775343393,0.0,0.625750710623302,0.0012257766611094567,0.0015294914775343393
2024-01-08,10120.498615671782,3505.4555926529365,6615.043023018847,0.6536281732972453,13,0.010504303846433416,0.012049861567178244,0.0,0.6258624518216276,0.0116835605055714,0.012049861567178244
2024-01-09,10114.123126472046,2999.966274487538,7114.156851984509,0.7033883969006051,14,-0.0006299580131223781,0.011412312647204548,0.0006299580131223781,0.5356126181909548,0.010992450323778824,0.011412312647204548
2024-01-10,10169.666583522505,3000.5019827508395,7169.164600771665,0.7049557172688011,14,0.0054916730156351345,0.01696665835225053,0.0,0.5357082633013461,0.01649322520249452,0.01696665835225053
2024-01-11,10174.499770214023,2492.4636569057097,7682.036113308312,0.7550283833901663,15,0.0004752551769346969,0.017449977021402274,0.0,0.4450033309954847,0.016932043538546715,0.017449977021402274
2024-01-12,10189.634158300458,3070.827460977062,7118.806697323395,0.6986322164986098,14,0.0014874822770885032,0.018963415830045793,0.0,0.5482641422919232,0.018390655932961186,0.018963415830045793
2024-01-16,10155.112502565618,2561.8031362322286,7593.30936633339,0.7477326680935336,15,-0.003387919055633404,0.015511250256561748,0.003387919055633404,0.4573831701896498,0.01489275204245799,0.015511250256561748
2024-01-17,10106.608571020071,2562.260601077984,7544.347969942087,0.7464767154013393,15,-0.004776306666547825,0.010660857102007038,0.008148043981810127,0.4574648457557551,0.009996612403327942,0.010660857102007038
2024-01-18,10160.252482779151,2562.718147613891,7597.53433516526,0.7477702299271104,15,0.005307805420791567,0.016025248277915072,0.0028834867930338515,0.4575465359067829,0.015315248925645175,0.016025248277915072
2024-01-19,10249.347716013026,2563.175775854536,7686.17194015849,0.7499181560744622,15,0.008768997954025748,0.02493477160130264,0.0,0.45762824064533764,0.02417900942496809,0.02493477160130264
2024-01-22,10218.586644499606,2563.63348581451,7654.953158685096,0.749120541323154,15,-0.003001271140929296,0.02185866444996054,0.003001271140929296,0.45770995997402425,0.02105713127762865,0.02185866444996054
2024-01-23,10294.59348754226,5150.3029210183995,5144.29056652386,0.4997079848513778,10,0.007438097428431156,0.029459348754226067,0.0,0.9195327479054454,0.028565862307103673,0.029459348754226067
2024-01-24,10273.813433403617,5166.3795423902975,5107.433891013319,0.4971312671891955,10,-0.0020185405245763954,0.027381343340361575,0.0020185405245763954,0.9224030605945898,0.026395616587179704,0.027381343340361575
2024-01-25,10289.565121959706,5165.664049523399,5123.901072436306,0.4979706150555399,10,0.0015331881056819263,0.028956512195970507,0.0004884472212176583,0.9222753168226029,0.027878557911106272,0.028956512195970507
2024-01-26,10289.575599955908,4652.0163623170965,5637.559237638812,0.5478903559115664,11,1.0183128322793777e-06,0.028957559995590687,0.00048742940577739535,0.8305688916831094,0.027796548821558353,0.028957559995590687
2024-01-29,10344.10912651323,4652.847079524653,5691.262046988577,0.5501935427577005,11,0.0052998810327566925,0.03441091265132301,0.0,0.8307172075566244,0.033166829756534844,0.03441091265132301
2024-01-30,10333.6254535961,4160.9763672648305,6172.649086331269,0.5973362508685844,12,-0.0010134921034679056,0.03336254535961003,0.0010134921034679056,0.7428988336484253,0.032044172581456865,0.03336254535961003
2024-01-31,10284.747987596355,3128.1723243734173,7156.575663222937,0.6958435609558867,14,-0.004729943640712886,0.028474798759635433,0.005738641983651038,0.5585024681973607,0.027100575734662735,0.028474798759635433
2024-02-01,10339.583716684225,3658.5791805062086,6681.004536178017,0.6461579807509438,13,0.005331752334039042,0.033958371668422416,0.0004374866674025091,0.6532010677568664,0.032518828536674205,0.033958371668422416
2024-02-02,10376.649588227356,3659.232498217013,6717.417090010342,0.6473589604135297,13,0.003584851436844616,0.03766495882273557,0.0,0.6533177108046802,0.03616008391990677,0.03766495882273557
2024-02-05,10383.704337238458,4196.973970150804,6186.730367087654,0.5958114913673488,12,0.0006798677117425544,0.03837043372384574,0.0,0.749325829343118,0.0367906262380826,0.03837043372384574
2024-02-06,10415.716493315926,3159.167572772749,7256.548920543176,0.6966922462991306,14,0.0030829225330177845,0.04157164933159252,0.0,0.5640363457905283,0.03993543821125023,0.04157164933159252
2024-02-07,10465.461987252933,2638.852887704829,7826.6090995481045,0.7478512758520374,15,0.004776003068913237,0.04654619872529331,0.0,0.47113959787624154,0.04486287364516328,0.04654619872529331
2024-02-08,10544.234548576918,2639.324111434776,7904.910437142143,0.7496903071270369,15,0.007526907213454281,0.054423454857691844,0.0,0.4712237299472909,0.05269300740456728,0.054423454857691844
2024-02-09,10555.886029877202,2112.4895469316452,8443.396482945556,0.7998756768543644,16,0.0011050096853029157,0.05558860298772017,0.0,0.37716292571534465,0.053820439242024065,0.05558860298772017
2024-02-12,10579.165188782137,3668.0885267140106,6911.076662068127,0.653272402759761,13,0.0022053249569999878,0.05791651887821381,0.0,0.6548988621164097,0.0560828652463059,0.05791651887821381
2024-02-13,10499.078689727092,4110.252188720276,6388.826501006817,0.6085130600324022,12,-0.007570209711817988,0.04990786897270927,0.007570209711817988,0.7338425618140111,0.048000831084620055,0.04990786897270927
2024-02-14,10576.748696595983,3678.2567842642457,6898.491912331737,0.6522318067887861,13,0.007397792622021893,0.05767486965959834,0.0002284199313492552,0.656714298208221,0.05570216034168829,0.05767486965959834
2024-02-15,10613.053044273445,3130.8498496818565,7482.20319459159,0.7050000752261208,14,0.003432467643780468,0.06130530442734461,0.0,0.5589805123516973,0.05927669705819927,0.06130530442734461
2024-02-16,10581.439180606547,3131.408930012157,7450.030250594389,0.7040658764309355,14,-0.0029787718515131845,0.058143918060654665,0.0029787718515131845,0.5590803303003316,0.05605940265847953,0.058143918060654665
2024-02-20,10539.00357488636,3118.667719467544,7420.335855418814,0.7040832468356789,14,-0.004010381290851517,0.053900357488635864,0.00697720713146166,0.5568055203477137,0.051760161534425864,0.053900357488635864
2024-02-21,10556.151708759624,3146.501371995914,7409.65033676371,0.70192723079331,14,0.0016271114960173527,0.05561517087596246,0.005361448329378127,0.5617749280478332,0.05341879742894773,0.05561517087596246
2024-02-22,10629.93403311969,2619.1614104483892,8010.772622671301,0.7536051115380521,15,0.0069895096618251,0.06299340331196901,0.0,0.46762389045677366,0.060750267475908615,0.06299340331196901
2024-02-23,10647.796872673973,2088.037506061832,8559.759366612141,0.8038995736835968,16,0.0016804280721429699,0.06477968726739736,0.0,0.37279726942721514,0.062499271704393955,0.06477968726739736
2024-02-26,10631.412116672309,2088.4103699022003,8543.00174677011,0.8035622787468535,16,-0.0015387930665462513,0.06314121166723097,0.0015387930665462513,0.3728638403681843,0.060823509720190794,0.06314121166723097
2024-02-27,10629.939638515267,1584.7848743046882,9045.154764210578,0.850913088107992,17,-0.00013850259409409205,0.06299396385152667,0.0016770825338088269,0.2829467727735562,0.06064796722720933,0.06299396385152667
2024-02-28,10637.733841650339,2114.7232668363818,8523.010574813958,0.8012054730532435,16,0.0007332311753522891,0.06377338416503386,0.0009450810476540061,0.3775617330541656,0.06138963136741116,0.06377338416503386
2024-02-29,10631.281637592801,2115.100895991174,8516.180741601627,0.8010493026059944,16,-0.0006065393394479868,0.06312816375928021,0.0015510471582675933,0.37762915479221104,0.06070664804617798,0.06312816375928021
2024-03-01,10706.584014007276,2650.240105743176,8056.3439082641,0.7524663233132152,15,0.0070830948686564366,0.07065840140072766,0.0,0.4731726666208134,0.06818956842096369,0.07065840140072766
2024-03-04,10732.962459239294,2650.713362904916,8082.249096334379,0.7530305940255021,15,0.0024637592342717785,0.07329624592392947,0.0,0.4732571617398529,0.07078008722799134,0.07329624592392947
2024-03-05,10656.046622460679,2640.461642634135,8015.5849798265435,0.7522100140713908,15,-0.007166319370883745,0.06560466224606798,0.007166319370883745,0.4714268242517648,0.06304136086770473,0.06560466224606798
2024-03-06,10670.13666221892,2613.8271200637523,8056.309542155167,0.7550333980895619,15,0.0013222577056430929,0.06701366622189209,0.005853537386249941,0.4666715086705503,0.06440369769266163,0.06701366622189209
2024-03-07,10736.883556907313,3171.2887707035334,7565.594786203779,0.7046360097047563,14,0.006255486391728349,0.07368835569073129,0.0,0.566200458972243,0.0710217671156037,0.07368835569073129
2024-03-08,10716.40070535081,2634.915029392607,8081.485675958203,0.7541231331451643,15,-0.0019077092014586627,0.07164007053508104,0.0019077092014586627,0.4704365344389585,0.06892643830650957,0.07164007053508104
2024-03-11,10707.460645609715,3188.6005796344352,7518.86006597528,0.7022075835560667,14,-0.0008342408973780469,0.07074606456097143,0.002740358609800597,0.5692913014880262,0.06797550320225132,0.07074606456097143
2024-03-12,10768.724303676405,3773.651362296669,6995.072941379735,0.6495730361479903,13,0.005721586106581578,0.07687243036764047,0.0,0.6737460029096,0.0740344944086293,0.07687243036764047
2024-03-13,10762.825031629607,4310.61076185449,6452.214269775117,0.5994907703891367,12,-0.0005478153103783967,0.07628250316296081,0.0005478153103783967,0.7696144906006946,0.07336760575488954,0.07628250316296081
2024-03-14,10718.662023381321,4296.948260394714,6421.7137629866065,0.599115239288122,12,-0.004103291479560456,0.07186620233813201,0.0046488589440434325,0.7671751937858801,0.0688745874106822,0.07186620233813201
2024-03-15,10696.228356217125,3761.6867690755103,6934.541587141614,0.648316523937239,13,-0.0020929540566966276,0.06962283562171256,0.006732083152554136,0.6716098498617229,0.06656405970927648,0.06962283562171256
2024-03-18,10733.324387329627,4860.204915484786,5873.1194718448405,0.5471855000281073,11,0.0034681412809347556,0.0733324387329628,0.003287289687107342,0.8677387815541486,0.07018688894237135,0.0733324387329628
2024-03-19,10740.006105751247,3787.548703979815,6952.457401771431,0.6473420343819365,13,0.0006225208686980732,0.07400061057512475,0.0026668152248409127,0.676227227991397,0.07078743806173415,0.07400061057512475
2024-03-20,10776.553260088249,2714.032655564227,8062.520604524022,0.7481539236097088,15,0.003402898841689872,0.07765532600882485,0.0,0.48456215953655185,0.07439369727948075,0.07765532600882485
2024-03-21,10847.278027257322,2714.5173042527204,8132.760723004602,0.7497512926808357,15,0.0065628374362523,0.0847278027257321,0.0,0.4846486884936119,0.08141770912753854,0.0847278027257321
2024-03-22,10810.605597145659,2715.002039485623,8095.603557660036,0.7488575440951736,15,-0.003380795626286237,0.08106055971456594,0.003380795626286237,0.4847352329022715,0.07770199259308219,0.08106055971456594
2024-03-25,10764.022174325935,2182.744659428789,8581.277514897147,0.7972184909991161,16,-0.0043090484063189605,0.07640221743259357,0.007675276020599697,0.3897062416405622,0.07300467968694568,0.07640221743259357
2024-03-26,10743.35626319016,2713.1873721917123,8030.168890998449,0.7474543982602648,15,-0.0019199060352241837,0.07433562631901602,0.009580446247069885,0.48441124302655103,0.07088964744906545,0.07433562631901602
2024-03-27,10849.363392695388,2702.618776214833,8146.744616480556,0.7508960960756057,15,0.009867226489401526,0.08493633926953881,0.0,0.4825243306935963,0.08144210796651885,0.08493633926953881
2024-03-28,10851.233553027952,2706.49835393967,8144.735199088282,0.750581503871102,15,0.00017237512145862333,0.08512335530279524,0.0,0.48321698874123725,0.08158080230090126,0.08512335530279524
2024-04-01,10813.318063696195,2701.0238277651506,8112.294235931044,0.7502132267029709,15,-0.0034941178941980677,0.08133180636961956,0.0034941178941980677,0.4822395693206839,0.07774102941079342,0.08133180636961956
2024-04-02,10762.687416446055,2178.4123058332366,8584.275110612818,0.7975958771686997,16,-0.004682248959283264,0.07626874164460551,0.0081600065236076,0.3889327451942933,0.07263907141125991,0.07626874164460551
2024-04-03,10804.106628871437,2178.801308030707,8625.305320840731,0.7983358196217379,16,0.0038484080065441795,0.08041066288714371,0.004343001551502357,0.3890021974702208,0.07674209243405139,0.08041066288714371
2024-04-04,10709.513111845159,2176.4768507663266,8533.036261078832,0.7967716339635409,16,-0.00875532982741023,0.07095131118451592,0.01306030696788818,0.3885871899243576,0.06724388201243081,0.07095131118451592
2024-04-05,10833.653415776822,2195.188060320802,8638.46535545602,0.7973732427950855,16,0.011591591759139597,0.08336534157768227,0.0016201049553693503,0.39192788079285873,0.07961871961751799,0.08336534157768227
2024-04-08,10844.171175295078,2216.8067773132484,8627.36439798183,0.7955761909805037,16,0.0009708414248270625,0.08441711752950787,0.0006508363955454177,0.3957876767208085,0.08063091680167145,0.08441711752950787
2024-04-09,10804.53788939685,3228.048754178421,7576.489135218429,0.7012321316077477,14,-0.0036548008379394537,0.08045378893968502,0.004303258556081158,0.5763343606817392,0.07660995477578059,0.08045378893968502
2024-04-10,10764.18838073268,3822.1014577966794,6942.086922936,0.6449243247509457,13,-0.0037344964752049625,0.07641883807326799,0.008021684527376505,0.6823962609885162,0.07250676428326464,0.07641883807326799
2024-04-11,10794.894392661354,2746.172920191219,8048.721472470134,0.7456044663060216,15,0.002852608189544137,0.07948943926613539,0.005191959060809048,0.49030046780775205,0.07552833542935122,0.07948943926613539
2024-04-12,10693.192564030698,2206.822205593965,8486.370358436734,0.7936236355625749,16,-0.00942128981824919,0.0693192564030698,0.014564333928021922,0.3940050358139556,0.06531875206270432,0.0693192564030698
2024-04-15,10612.086511760688,2194.0560421307564,8418.030469629932,0.793249325691114,16,-0.007584830422191269,0.061208651176068773,0.02203869634715694,0.39172577077856746,0.05716897425862544,0.061208651176068773
2024-04-16,10597.42227783627,3227.0592935538443,7370.362984282425,0.6954863919782642,14,-0.001381842666677069,0.05974222778362681,0.023390085002903627,0.5761577028305381,0.055644935095900516,0.05974222778362681
2024-04-17,10606.260831454365,3779.4540836851684,6826.806747769197,0.6436581992706927,13,0.0008340286332253477,0.060626083145436604,0.02257556437030417,0.6747820181548239,0.05646131225589457,0.060626083145436604
2024-04-18,10615.850902072603,3772.160128186707,6843.690773885896,0.6446671903191252,13,0.000904189588643467,0.06158509020726033,0.021691787371922122,0.6734797586478677,0.05735297134185369,0.06158509020726033
2024-04-19,10637.792961598483,2726.021814054072,7911.771147544412,0.7437417870516211,15,0.002066914817124621,0.06377929615984823,0.019669707631526423,0.48670269845635994,0.05949850702459614,0.06377929615984823
2024-04-22,10701.252740211134,3811.7578894787785,6889.494850732356,0.6438026479688982,13,0.00596550232193227,0.07012527402111335,0.013821544996141744,0.6805495249917476,0.06577642993336186,0.07012527402111335
2024-04-23,10796.104585549238,1671.80582489038,9124.298760658858,0.8451473110840256,17,0.008863620703180697,0.07961045855492377,0.0050804332253387985,0.29848345382795577,0.07523176612178939,0.07961045855492377
2024-04-24,10774.81337411121,2189.362354752534,8585.451019358678,0.7968073990021077,16,-0.001972119783512083,0.07748133741112095,0.007042533785978411,0.39088776196260205,0.0730635562017905,0.07748133741112095
2024-04-25,10719.128701907279,2166.7087301885927,8552.419971718686,0.7978652192315719,16,-0.005168040528453655,0.0719128701907279,0.012174178214403142,0.38684319410615836,0.06745640466198677,0.0719128701907279
2024-04-26,10690.038451766563,2109.1611000082275,8580.877351758334,0.8026984552464652,16,-0.0027138633138661383,0.06900384517665614,0.014855002472636825,0.3765686663110565,0.06450972278128386,0.06900384517665614
2024-04-29,10735.334744162974,2109.5377359189433,8625.79700824403,0.8034958586581621,16,0.004237243168094151,0.07353347441629743,0.010680703562281901,0.3766359107157549,0.06900168842985344,0.07353347441629743
2024-04-30,10627.056062387317,1581.855259705919,9045.200802681398,0.8511483095205802,17,-0.010086195200809223,0.06270560623873167,0.020659171102079932,0.2824237207116442,0.05814557788021668,0.06270560623873167
2024-05-01,10584.824226149167,2124.709539970457,8460.11468617871,0.7992683208927087,16,-0.0039739920435371,0.05848242261491676,0.024551063764031378,0.37934467773084396,0.05388445978862855,0.05848242261491676
2024-05-02,10673.049786317035,2657.2477581273984,8015.802028189637,0.7510320094698688,15,0.008335099221573383,0.06730497863170348,0.016420600094926185,0.4744238096995891,0.0626595734244455,0.06730497863170348
2024-05-03,10792.459375355653,3212.5782978656903,7579.881077489962,0.7023312123646679,14,0.011187953905331005,0.07924593753556519,0.005416359106555135,0.5735722724273683,0.07454317510106456,0.07924593753556519
2024-05-06,10827.406975760017,3213.1519725617377,7614.25500319828,0.7032390137587681,14,0.003238149821917835,0.08274069757600166,0.0021957482669134887,0.5736746960474447,0.07798056767189632,0.08274069757600166
2024-05-07,10867.477832762179,3213.7257496996954,7653.7520830624835,0.7042804412251683,14,0.003700872895225027,0.0867477832762178,0.0,0.5737771379574531,0.08193027565831645,0.0867477832762178
2024-05-08,10886.052429141757,2652.1246535927776,8233.927775548978,0.7563740694015867,15,0.0017091910989301962,0.08860524291417571,0.0,0.47350913293925684,0.08374038438298048,0.08860524291417571
2024-05-09,10963.568186187844,3832.5140232548165,7131.054162933028,0.6504318705215785,13,0.007120648880817315,0.09635681861878442,0.0,0.684255315703413,0.09142353455601882,0.09635681861878442
2024-05-10,10983.137650791241,2188.369505825806,8794.768144965436,0.8007518820755058,16,0.0017849539740220077,0.09831376507912415,0.0,0.3907104991654715,0.09334140996644202,0.09831376507912415
2024-05-13,10957.743654108786,3290.989881706712,7666.753772402075,0.6996653703910384,14,-0.002312089449286403,0.09577436541087869,0.002312089449286403,0.5875718410474401,0.0907432531140917,0.09577436541087869
2024-05-14,10987.686426295197,3291.5775584713024,7696.108867823894,0.7004303334873063,14,0.0027325673178331122,0.09876864262951957,0.0,0.5876767645904842,0.09367876265627384,0.09876864262951957
2024-05-15,11090.555448604275,3294.291632138914,7796.263816465361,0.7029642340813963,14,0.009362209505988206,0.10905554486042757,0.0,0.5881613340722932,0.1039068487537742,0.10905554486042757
2024-05-16,11066.021740873059,3331.9263744022005,7734.095366470858,0.6989047688117657,14,-0.002212126150480942,0.10660217408730577,0.002212126150480942,0.5948806238889842,0.10139398991826387,0.10660217408730577
2024-05-17,11109.34428739939,2779.121470445576,8330.222816953814,0.7498392885709957,15,0.00391491608644845,0.11093442873993897,0.0,0.4961830870283121,0.10567662626219398,0.11093442873993897
2024-05-20,11079.61951706604,3345.9851167619836,7733.634400304057,0.6980054133079091,14,-0.002675654796932103,0.10796195170660394,0.002675654796932103,0.5973906653743944,0.10264441016232162,0.10796195170660394
2024-05-21,11113.533780186728,3337.272704738626,7776.261075448101,0.6997109316670872,14,0.0030609591844241724,0.11135337801867284,0.0,0.5958351552827399,0.10597625295886237,0.11135337801867284
2024-05-22,11056.14722206806,3337.8686462930436,7718.278575775017,0.6980983900403696,14,-0.0051636643441869134,0.10561472220680601,0.0051636643441869134,0.5959415544176118,0.10017800299155377,0.10561472220680601
2024-05-23,10976.494075982857,3338.7624475127186,7637.731628470138,0.6958261513739523,14,-0.007204421620419121,0.09764940759828566,0.01233088474956423,0.5961011332820423,0.09215307826970509,0.09764940759828566
2024-05-24,11002.574505015227,2790.4359468820962,8212.13855813313,0.7463833627656735,15,0.0023760254277762627,0.1002574505015228,0.00998415781749995,0.4982031685202814,0.09471130085609025,0.1002574505015228
2024-05-28,11003.45382877906,2240.7072764923405,8762.74655228672,0.7963632772619206,16,7.991981907795598e-05,0.10034538287790595,0.009905035930508399,0.4000548610055955,0.09475922774637291,0.10034538287790595
2024-05-29,10916.20133073645,2249.8227049528427,8666.378625783607,0.7939005853054323,16,-0.00792955551959551,0.09162013307364503,0.017756048917769385,0.4016823254691738,0.08599380970956494,0.09162013307364503
2024-05-30,10895.397049526746,1673.030178063861,9222.366871462884,0.8464461487306209,17,-0.0019058169210498521,0.08953970495267449,0.019628026060340753,0.29870204928831656,0.08388351138366579,0.08953970495267449
2024-05-31,10995.719444271006,2772.745442126082,8222.974002144925,0.7478341043367801,15,0.009207777769660863,0.0995719444271006,0.010600978792700722,0.49504471382361753,0.09386624638670948,0.0995719444271006
2024-06-03,10975.263086787072,2186.169702819022,8789.09338396805,0.8008093577774081,16,-0.001860392818097245,0.09752630867870726,0.01244164962598715,0.3903177473342299,0.09178157886358251,0.09752630867870726
2024-06-04,10996.98925462616,2186.560090265954,8810.429164360206,0.8011673886699379,16,0.001979557817182842,0.09969892546261594,0.010486720773580038,0.3903874469319682,0.09391515690279806,0.09969892546261594
2024-06-05,11048.957719966033,2719.29361707461,8329.664102891422,0.7538868655311525,15,0.004725699383402615,0.10489577199660327,0.005810578480071049,0.48550144921881994,0.0990634532918635,0.10489577199660327
2024-06-06,11065.697878154304,2725.0449613469264,8340.652916807378,0.7537394395407577,15,0.0015150893516426844,0.10656978781543036,0.004304292674010335,0.4865282916170195,0.10068881628152893,0.10656978781543036
2024-06-07,11061.961438550923,2744.9993254168885,8316.962113134035,0.7518523870594442,15,-0.0003376596437498769,0.10619614385509224,0.004640498931829273,0.4900909347289571,0.10026616322771797,0.10619614385509224
2024-06-10,11074.56748165785,2757.839316147969,8316.728165509881,0.7509754380281113,15,0.0011395847994004615,0.1074567481657851,0.0035062023744730775,0.49238338085127104,0.1014775292003256,0.1074567481657851
2024-06-11,11036.71338509236,2219.2223430968907,8817.491041995469,0.7989236228518477,16,-0.003418110605961422,0.10367133850923604,0.006912328392911671,0.39621895074038394,0.09765249764870254,0.10367133850923604
2024-06-12,11061.379557925864,2217.8424812305743,8843.53707669529,0.7994967562937109,16,0.002234920122762496,0.10613795579258634,0.004692856771969733,0.39597259082852604,0.10007951767297008,0.10613795579258634
2024-06-13,11097.29006480327,2754.4813423089527,8342.808722494317,0.7517879296455262,15,0.0032464763268769126,0.10972900648032691,0.0014616156935085556,0.4917838497248621,0.10362138997573811,0.10972900648032691
2024-06-14,11142.743233209261,3326.651138003662,7816.0920952056,0.701451333089227,14,0.004095879997780161,0.11427432332092602,0.0,0.5939387855746584,0.10810731293777986,0.11427432332092602
2024-06-17,11232.200894839274,2738.573523750636,8493.627371088638,0.7561854929955094,15,0.008028333755676798,0.12322008948392749,0.0,0.488943675013504,0.11700418473327967,0.12322008948392749
2024-06-18,11276.343355864557,3854.216980374602,7422.1263754899555,0.6582032970492943,13,0.003929992121630033,0.12763433558645576,0.0,0.6881301518254958,0.12134961782062548,0.12763433558645576
2024-06-20,11229.730315357636,3247.5242876048396,7982.206027752797,0.7108101266542826,14,-0.004133701771565801,0.12297303153576356,0.004133701771565801,0.5798115135877235,0.11663033261857447,0.12297303153576356
2024-06-21,11188.690605516567,3217.7008824084837,7970.989723108084,0.7124148842920011,14,-0.0036545588084998526,0.11886906055165669,0.0077731537238446835,0.5744868563485955,0.11246891294883299,0.11886906055165669
2024-06-24,11229.391479902535,3253.748776113596,7975.642703788939,0.7102470973661489,14,0.003637679852001696,0.12293914799025352,0.004163750116530807,0.5809228309433309,0.11648090810433542,0.12293914799025352
2024-06-25,11177.121398262014,3254.329802680759,7922.791595581256,0.7088400772683037,14,-0.004654756380527814,0.11771213982620132,0.008799125254636775,0.5810265671631422,0.11119579728356688,0.11771213982620132
2024-06-26,11210.651573051482,2695.955067362795,8514.696505688687,0.7595184321093864,15,0.0029998935857207254,0.12106515730514822,0.00582562810832743,0.48133459513708177,0.11450068130300006,0.12106515730514822
2024-06-27,11197.244930653202,2201.903236332138,8995.341694321063,0.8033531239185202,16,-0.0011958843168855537,0.11972449306532007,0.0070145456479221435,0.3931268052726546,0.11312070438264477,0.11972449306532007
2024-06-28,11194.572750004028,2223.453625540695,8971.119124463334,0.8013811089360338,16,-0.0002386462621584151,0.11945727500040282,0.0072515179149810205,0.39697440198905465,0.11281378887752846,0.11945727500040282
2024-07-01,11232.425276863292,2777.00671174046,8455.418565122833,0.7527687348643595,15,0.0033813284083799022,0.12324252768632915,0.003894709270130914,0.4958055189681236,0.11654946101155805,0.12324252768632915
2024-07-02,11321.872838022884,2800.913760688245,8520.959077334639,0.7526103851580298,15,0.007963334627637098,0.1321872838022884,0.0,0.5000738726456427,0.1254442097402526,0.1321872838022884
2024-07-03,11372.377543134698,2217.9859007705018,9154.391642364197,0.8049672645532718,16,0.00446080836928342,0.13723775431346974,0.0,0.39599819688814525,0.13045508043174525,0.13723775431346974
2024-07-05,11412.2043161554,1649.661553439412,9762.542762715988,0.855447597349435,17,0.0035020621562764642,0.14122043161553988,0.0,0.2945298256453155,0.13440830475125076,0.14122043161553988
2024-07-08,11396.140165027795,508.53191488134064,10887.608250146453,0.9553768286878471,19,-0.001407629120770637,0.1396140165027795,0.001407629120770637,0.09079305746854859,0.13279281033274337,0.1396140165027795
2024-07-09,11400.689106812164,1045.7905786428335,10354.898528169331,0.9082695292499512,18,0.00039916513121940334,0.1400689106812163,0.001009025866013813,0.18671497565485332,0.133229033013615,0.1400689106812163
2024-07-10,11481.934036431898,475.8410797528149,11006.092956679084,0.9585574104290286,19,0.007126317440863117,0.14819340364318978,0.0,0.08495645058968307,0.14134503033052925,0.14819340364318978
2024-07-11,11424.696748448601,1778.326014193597,9646.370734255004,0.8443437009008504,17,-0.004984986658317703,0.14246967484486017,0.004984986658317703,0.3175015201202637,0.1355895513801877,0.14246967484486017
2024-07-12,11457.33143522922,2324.8190405938126,9132.512394635407,0.7970889596991656,16,0.0028565035465863975,0.1457331435229221,0.0021427227438003404,0.41507213722439074,0.13881151284452709,0.1457331435229221
2024-07-15,11510.49058266923,1783.0888891989307,9727.4016934703,0.845090104857595,17,0.0046397494687597796,0.15104905826692305,0.0,0.31835188166379763,0.14409559240036174,0.15104905826692305
2024-07-16,11622.959914867057,1783.4072979291448,9839.552616937912,0.8465616924611459,17,0.00977102855782408,0.1622959914867057,0.0,0.31840873021409477,0.15531068474712306,0.1622959914867057
2024-07-17,11634.60426454709,1754.9413971784966,9879.662867368594,0.8491619175629251,17,0.001001840302756074,0.16346042645470904,0.0,0.3133264412030881,0.15644378707100604,0.16346042645470904
2024-07-18,11537.797105405793,1692.2863396806185,9845.510765725174,0.8533267378321523,17,-0.008320623283792128,0.15377971054057915,0.008320623283792128,0.3021400356508871,0.14673285715331108,0.15377971054057915
2024-07-19,11439.255237365234,1688.8417784057615,9750.413458959472,0.8523643590983684,17,-0.008540787044555409,0.14392552373652334,0.016790345656802597,0.30152504524294976,0.13684851784473095,0.14392552373652334
2024-07-22,11468.452015623465,1689.1433572947626,9779.308658328702,0.8527139185834632,17,0.002552332092640164,0.14684520156234648,0.014280868102228728,0.30157888900102886,0.13973803778165395,0.14684520156234648
2024-07-23,11466.061116044793,2265.332489654762,9200.728626390031,0.8024315005189693,16,-0.00020847622463904258,0.14660611160447923,0.014486367105401299,0.4044514353963153,0.1394585026802473,0.14660611160447923
2024-07-24,11337.963809119436,3334.2727640017033,8003.691045117732,0.7059196148324396,14,-0.011171866749088544,0.13379638091194357,0.025496394091509833,0.5952995472240141,0.12658924203298905,0.13379638091194357
2024-07-25,11352.27184810056,3928.793770001686,7423.478078098873,0.6539200415061374,13,0.0012619584276336582,0.1352271848100559,0.024266611053274212,0.7014450580256537,0.12794990142529894,0.1352271848100559
2024-07-26,11413.719823100826,3404.182617398078,8009.537205702747,0.7017464358544903,14,0.005412835053852927,0.14137198231008252,0.018985127162368665,0.6077812207459522,0.13403392080325105,0.14137198231008252
2024-07-29,11367.875655750178,1770.4338856655595,9597.441770084619,0.8442599180991194,17,-0.004016584256594569,0.13678756557501792,0.02292545605609342,0.3160924630718728,0.12941789482187915,0.13678756557501792
2024-07-30,11339.91025531886,2368.28058495328,8971.62967036558,0.7911552621113149,16,-0.0024600375020087384,0.13399102553188613,0.025329096076453506,0.42283174164493487,0.1265790716045827,0.13399102553188613
2024-07-31,11418.461017691458,2332.0359573353594,9086.425060356098,0.795766176044025,16,0.006926929808439564,0.1418461017691457,0.01857761913864686,0.4163606422666237,0.1343925117776159,0.1418461017691457
2024-08-01,11320.28171056958,1761.4273908983669,9558.854319671213,0.8444007458530164,17,-0.008598295949844847,0.13202817105695797,0.027016179221094117,0.31448444758049754,0.12454313262066985,0.13202817105695797
2024-08-02,11046.208042341666,2313.683145825919,8732.524896515748,0.7905450325616495,16,-0.02421085227693709,0.10462080423416675,0.05057294677382207,0.4130839396225529,0.09709445740391631,0.10462080423416675
2024-08-05,10835.19308830451,1761.6872745559265,9073.505813748583,0.8374106247854974,17,-0.01910293136145058,0.08351930883045089,0.06870978660430604,0.3145308470908635,0.0759615089154917,0.08351930883045089
2024-08-06,10907.756621537115,2259.4644902990503,8648.292131238066,0.7928570861365032,16,0.00669702262259908,0.09077566215371147,0.062472914976989924,0.40340376545242823,0.08317752186220706,0.09077566215371147
2024-08-07,10875.79156001985,2159.29995558099,8716.49160443886,0.8014581335377257,16,-0.0029304890662990024,0.08757915600198496,0.065220327849009,0.3855204348475255,0.07994246366699564,0.08757915600198496
2024-08-08,11050.733984981436,2677.3196214885133,8373.414363492922,0.7577247244276135,15,0.016085488950035254,0.10507339849814357,0.050183939761906715,0.47800743108168425,0.09738890542004608,0.10507339849814357
2024-08-09,11109.008449474592,1572.5269812444753,9536.481468230117,0.858445784032251,17,0.005273356916595251,0.11090084494745911,0.04517522067115698,0.2807582541054232,0.10318827604395109,0.11090084494745911
2024-08-12,11094.844538610962,1590.4982365831243,9504.346302027838,0.8566452886249951,17,-0.0012749932568734135,0.10948445386109618,0.046392615826296835,0.28396683388379296,0.10174348827419966,0.10948445386109618
2024-08-13,11156.26228965705,1035.9409660828715,10120.321323574179,0.9071426487486504,18,0.005535701814689764,0.11562622896570507,0.041113729699225,0.1849564302951029,0.10786676773577919,0.11562622896570507
2024-08-14,11202.143207164743,478.21323157351895,10723.929975591223,0.9573105589948483,19,0.004112570708401986,0.12021432071647431,0.03717024211129727,0.08537997350000338,0.1124463214891982,0.12021432071647431
2024-08-15,11393.761402684231,1008.7972844788392,10384.964118205393,0.9114605573326138,18,0.01710549418765961,0.13937614026842304,0.020700563284026252,0.18011020969091932,0.13159013002017805,0.13937614026842304
2024-08-16,11417.340525292862,2153.945629893147,9263.394895399715,0.8113443647299906,16,0.002069476599981801,0.14173405252928628,0.018673926015367104,0.3845644759673535,0.13390958583344426,0.14173405252928628
2024-08-19,11485.589355718956,2154.330263041342,9331.259092677614,0.8124318921459047,16,0.005977646920042545,0.14855893557189548,0.012807905231655536,0.3846331481952048,0.1406960055612343,0.14855893557189548
2024-08-20,11458.388476840184,2206.8567010518136,9251.531775788371,0.8074025238791358,16,-0.002368261482831757,0.14583884768401845,0.015145834245851364,0.3940111946173565,0.13793651655389527,0.14583884768401845
2024-08-21,11475.879720532621,2819.6770331251205,8656.2026874075,0.754295348000192,15,0.0015265011941067996,0.14758797205326202,0.013642453185806591,0.5034238587975576,0.1396352985372593,0.14758797205326202
2024-08-22,11435.633743482736,2918.866069837627,8516.767673645109,0.7447569469858971,15,-0.003507005827002252,0.1435633743482736,0.01710161484999151,0.5211330244309279,0.13555858752982775,0.1435633743482736
2024-08-23,11502.915328788788,2958.556840068319,8544.358488720469,0.7427993899369297,15,0.005883502988576872,0.15029153287887875,0.011318729263494087,0.5282193965485305,0.14223392412077795,0.15029153287887875
2024-08-26,11528.884304598974,1808.5882117085816,9720.296092890392,0.8431254782401519,17,0.0022575994926428145,0.15288843045989742,0.009086682928293954,0.3229045191409715,0.1447985312498825,0.15288843045989742
2024-08-27,11537.38500412919,2368.9544675630145,9168.430536566175,0.7946714557315047,16,0.0007373393041012477,0.15373850041291903,0.008356043592659734,0.42295205634047756,0.1456063059972701,0.15373850041291903
2024-08-28,11473.39965661305,2369.377495146508,9104.022161466542,0.7934895004044556,16,-0.0055459142165438235,0.14733996566130503,0.013855615908248908,0.4230275834933955,0.1391654684873067,0.14733996566130503
2024-08-29,11530.314023247889,2940.129641759493,8590.184381488396,0.7450087104452243,15,0.004960549474281928,0.15303140232478896,0.008963797902176496,0.5249294129190311,0.1448044122094987,0.15303140232478896
2024-08-30,11580.66150709122,2959.1066000076653,8621.554907083553,0.7444786208287231,15,0.0043665318864531955,0.1580661507091219,0.004636406725086806,0.5283175504387905,0.14978632883878795,0.1580661507091219
2024-09-03,11474.142262261747,2946.8485811421733,8527.293681119572,0.7431748261624481,15,-0.009198027657077112,0.14741422622617462,0.013791788584877174,0.52612900930944,0.13908179145490984,0.14741422622617462
2024-09-04,11487.726798324124,2931.4369904366467,8556.289807887477,0.7448200987105389,15,0.0011839260619119774,0.14877267983241227,0.012624190980911165,0.5233774308938844,0.14038790731805806,0.14877267983241227
2024-09-05,11441.611851863332,3477.0049416675192,7964.606910195813,0.6961088186974924,14,-0.004014279523736453,0.14416118518633314,0.016587793473289314,0.6207828854967897,0.13571433438342928,0.14416118518633314
2024-09-06,11349.882036917443,4005.9639532596475,7343.918083657796,0.647047965764793,13,-0.008017210873217162,0.13498820369174425,0.02447201650830977,0.715222987548589,0.12646983059008554,0.13498820369174425
2024-09-09,11445.593645755953,2871.4884238088976,8574.105221947055,0.749118436956422,15,0.008432828511097501,0.14455936457559537,0.016245556315747645,0.5126742409942684,0.1359897240498371,0.14455936457559537
2024-09-10,11558.551946736097,2946.721593576471,8611.830353159627,0.7450613530868314,15,0.009869151786812802,0.15585519467360975,0.006536734390076182,0.5261063370070471,0.14723294351415084,0.15585519467360975
2024-09-11,11561.781535638995,1791.186196474094,9770.5953391649,0.8450769727007215,17,0.0002794112028721152,0.15617815356389952,0.006259149624022853,0.31979757123265384,0.14752392264731706,0.15617815356389952
2024-09-12,11574.996115944796,1827.8822558725158,9747.11386007228,0.8420835534143662,17,0.0011429536412763674,0.15749961159447956,0.005123349900600593,0.3263492690363356,0.14881274575099357,0.15749961159447956
2024-09-13,11664.228530158967,2409.5595958977997,9254.668934261168,0.793423149274926,16,0.007709066449815172,0.16642285301589665,0.0,0.43020167753933225,0.15769296700465696,0.16642285301589665
2024-09-16,11733.596447341968,3585.3150641607695,8148.281383181198,0.6944402272354477,14,0.005947064308937655,0.17335964473419674,0.0,0.6401205256491286,0.16456574667039203,0.17335964473419674
2024-09-17,11743.221301071426,2986.752298430432,8756.469002640993,0.7456615845127668,15,0.0008202816393636514,0.17432213010714248,0.0,0.533253400898131,0.16547490670324816,0.17432213010714248
2024-09-18,11754.026953147732,2987.2856470551515,8766.74130609258,0.7458500257858303,15,0.0009201608144198126,0.17540269531477315,0.0,0.53334862471972,0.16650213704840655,0.17540269531477315
2024-09-19,11927.446517202641,2377.8941703464575,9549.552346856184,0.8006367777950727,16,0.014754055333220828,0.19274465172026423,0.0,0.42454814682136355,0.18380163863921561,0.19274465172026423
2024-09-20,11901.121693164696,1737.328570092741,10163.793123071955,0.8540197626001454,17,-0.0022070796125539527,0.19011216931646957,0.0022070796125539527,0.31018185504244616,0.18113813804991663,0.19011216931646957
2024-09-23,11942.33110212357,1785.6258484817213,10156.705253641849,0.8504792880709694,17,0.0034626491536962067,0.1942331102123569,0.0,0.3188048292236603,0.18522719846288171,0.1942331102123569
2024-09-24,11987.633226403248,2445.268881040603,9542.364345362645,0.7960173760025624,16,0.003793407157470563,0.1987633226403247,0.0,0.4365771971149086,0.18971375317113792,0.1987633226403247
2024-09-25,11943.68443319176,2405.5259110855654,9538.158522106194,0.7985943178136424,16,-0.003666177666721504,0.1943684433191759,0.003666177666721504,0.4294815052821934,0.18527592569946094,0.1943684433191759
2024-09-26,12007.213444242836,3074.226980095806,8932.98646414703,0.7439683241768453,15,0.0053190463467476246,0.2007213444242837,0.0,0.5488710908937343,0.1915739396954792,0.2007213444242837
2024-09-27,12030.516326389326,3636.9915808429805,8393.524745546345,0.697686160579399,14,0.0019407402270894547,0.20305163263893267,0.0,0.649346827502764,0.19383929322737803,0.20305163263893267
2024-09-30,12073.751867277324,3625.0851906870394,8448.666676590285,0.699754870686728,14,0.003593822552167447,0.20737518672773247,0.0,0.6472210660037564,0.19809812520957726,0.20737518672773247
2024-10-01,12071.585224428658,4856.902367440794,7214.6828569878635,0.5976582795760638,12,-0.00017945066889590855,0.2071585224428658,0.00017945066889590855,0.8671491461240481,0.1977947460100984,0.2071585224428658
2024-10-02,12098.593579652856,4824.13458208955,7274.458997563305,0.6012648453451092,12,0.0022373495048142455,0.20985935796528565,0.0,0.8612988005873149,0.2004094516524595,0.20985935796528565
2024-10-03,12082.302291838609,4219.958332553891,7862.343959284718,0.6507322668623843,13,-0.0013465439356228348,0.20823022918386092,0.0013465439356228348,0.7534294469833763,0.1987049799263363,0.20823022918386092
2024-10-04,12159.747687384304,3616.488904250882,8543.258783133422,0.7025852018292307,14,0.006409821048593445,0.21597476873843036,0.0,0.6456862889217786,0.2063849508520137,0.21597476873843036
2024-10-07,12099.086883463042,3032.0733085348975,9067.013574928145,0.7493965174612378,15,-0.004988656465643393,0.20990868834630416,0.004988656465643393,0.5413449934895371,0.2002647359605385,0.20990868834630416
2024-10-08,12146.957326257781,2427.5523784625243,9719.404947795258,0.8001514030830632,16,0.003956533518258087,0.21469573262577812,0.001051860733902621,0.4334141007788831,0.2050084388299347,0.21469573262577812
2024-10-09,12239.888102862555,2382.157394174591,9857.730708687963,0.8053775186378155,16,0.00765053948151162,0.2239888102862555,0.0,0.42530930087030727,0.21425898556032497,0.2239888102862555
2024-10-10,12181.15292464798,2991.9710626973265,9189.181861950654,0.7543770215179537,15,-0.0047986695401928126,0.218115292464798,0.0047986695401928126,0.5341851567036826,0.20833204922319704,0.218115292464798
2024-10-11,12280.212877274505,3005.551552852344,9274.66132442216,0.7552524876491064,15,0.00813223126245144,0.22802128772745056,0.0,0.5366098112573369,0.2181843835047239,0.22802128772745056
2024-10-14,12326.547922083191,2391.9679698652235,9934.579952217968,0.8059498908384579,16,0.0037731467094053173,0.23265479220831908,0.0,0.42706087660511044,0.222775181897932,0.23265479220831908
2024-10-15,12295.836633661791,3070.4420184442165,9225.394615217574,0.7502860431604631,15,-0.0024914751977218597,0.2295836633661792,0.0024914751977218597,0.5481953255569034,0.2196492335232363,0.2295836633661792
2024-10-16,12319.101188828421,2456.0886957230487,9863.012493105372,0.8006276060180143,16,0.0018920676859790486,0.23191011888284208,0.0006041215514547282,0.4385089619216298,0.2219318381437072,0.23191011888284208
2024-10-17,12348.427583976267,2475.8519645130236,9872.575619463243,0.7995006289119942,16,0.002380562891588278,0.2348427583976267,0.0,0.44203748696893835,0.22482027390979464,0.2348427583976267
2024-10-18,12363.142975088558,2491.3607078421496,9871.782267246408,0.7984848421746652,16,0.0011916813709453855,0.2363142975088559,0.0,0.44480641096985357,0.226247332379927,0.2363142975088559
2024-10-21,12329.083964122738,1873.5380597232731,10455.545904399465,0.848039151556173,17,-0.0027548828832966166,0.2329083964122738,0.0027548828832966166,0.3345006355513789,0.22280798121978962,0.2329083964122738
2024-10-22,12297.649573492408,2478.1588512121234,9819.490722280285,0.7984851628433293,16,-0.0025496128278307273,0.22976495734924085,0.005297471826388955,0.44244935747404457,0.2196202972210095,0.22976495734924085
2024-10-23,12234.543767103643,2451.9388635886157,9782.604903515028,0.7995888600127933,16,-0.0051315339579027786,0.22345437671036428,0.010401821627723518,0.43776805277425745,0.21326593977685548,0.22345437671036428
2024-10-24,12237.991365101358,3067.136268089294,9170.855097012063,0.7493758430949921,15,0.00028179211774004287,0.22379913651013572,0.01012296066132845,0.5476051183876618,0.2135559390647881,0.22379913651013572
2024-10-25,12208.323831400434,4267.18095663221,7941.142874768225,0.6504695472070621,13,-0.0024242159367365845,0.2208323831400434,0.01252263635550288,0.7618605528713105,0.21051299963940862,0.2208323831400434
2024-10-28,12240.094762843957,3649.7424978478657,8590.35226499609,0.7018207319009467,14,0.002602399140315015,0.2240094762843956,0.009952826113273971,0.651623370442397,0.2136249304467166,0.2240094762843956
2024-10-29,12238.951933045646,4209.375912104834,8029.576020940812,0.6560672894923825,13,-9.336772471568722e-05,0.22389519330456453,0.010045264565261003,0.7515400664354284,0.21343549346024204,0.22389519330456453
2024-10-30,12234.29012441232,4260.92063875772,7973.369485654601,0.6517230999569421,13,-0.00038089933344198634,0.22342901244123214,0.010422337664125814,0.7607428385569933,0.21289323831305373,0.22342901244123214
2024-10-31,12157.066835734287,3675.1366922077514,8481.930143526537,0.6976954439861174,14,-0.00631203673386338,0.2157066835734287,0.01666858821980055,0.6561572383873864,0.20510529372141173,0.2157066835734287
2024-11-01,12190.484422206133,1849.8939653569562,10340.590456849177,0.848250988124213,17,0.002748819836509986,0.21904844222061337,0.013965587329235585,0.3302792296655876,0.20841402444562962,0.21904844222061337
2024-11-04,12168.056296354793,1240.5912388438364,10927.465057510957,0.8980452416861778,18,-0.0018398059563969893,0.21680562963547922,0.01577969931487977,0.2214945971869017,0.20614906240077713,0.21680562963547922
2024-11-05,12226.760145032262,1274.9492652769407,10951.810879755321,0.8957246850225525,18,0.00482442283695339,0.22267601450322627,0.011031404419661328,0.22762886364523136,0.21199668438215946,0.22267601450322627
2024-11-06,12502.811228496075,1312.7098591626614,11190.101369333413,0.8950068240516366,18,0.022577615017333352,0.2502811228496076,0.0,0.23437062295351926,0.2395783556662454,0.2502811228496076
2024-11-07,12514.147093776697,1320.2044394603138,11193.942654316383,0.8945030428708278,18,0.0009066653149800707,0.25141470937766974,0.0,0.23570870192114154,0.24068837132411547,0.25141470937766974
2024-11-08,12569.374365267795,1957.0120389219724,10612.362326345823,0.8443031465170083,17,0.004413187017640485,0.2569374365267796,0.0,0.34940404194286245,0.24617615806903115,0.2569374365267796
2024-11-11,12539.272999845352,1963.4646268093834,10575.808373035969,0.84341479551218,17,-0.0023948181148634173,0.2539272999845352,0.0023948181148634173,0.3505560840580938,0.2431309659183809,0.2539272999845352
2024-11-12,12502.047296641453,2603.816448939877,9898.230847701576,0.7917287955198054,16,-0.00296872898487488,0.2502047296641452,0.005356437533787117,0.46488420798783736,0.2393619071771922,0.2502047296641452
2024-11-13,12536.991655626396,1979.0674259085376,10557.924229717859,0.8421417609366946,17,0.0027950909283738223,0.2536991655626397,0.0025763183353724184,0.35334180073353644,0.2428210088956131,0.2536991655626397
2024-11-14,12511.903544530636,1946.135798218391,10565.767746312245,0.8444572569400033,17,-0.0020011268879245314,0.2511903544530636,0.004572289683404174,0.34746220285991625,0.2402774515657511,0.2511903544530636
2024-11-15,12449.15220320441,2613.0531015115284,9836.099101692882,0.7901019234997441,16,-0.005015331288551694,0.244915220320441,0.009564689424446438,0.46653331574924634,0.23395566410155366,0.244915220320441
2024-11-18,12484.198520329088,3202.9851646633197,9281.213355665768,0.7434368606484729,15,0.0028151569321850367,0.24841985203290884,0.00677645859399878,0.5718595187758114,0.23740310986214386,0.24841985203290884
2024-11-19,12453.486673953033,3232.261800907657,9221.224873045378,0.7404532653760283,15,-0.0024600575139880343,0.24534866739530337,0.009219845630104473,0.5770865561342005,0.2342742165689249,0.24534866739530337
2024-11-20,12487.042998218638,2627.4498203966505,9859.593177821987,0.7895859075065671,16,0.0026945324746514565,0.24870429982186382,0.006550156328914647,0.46910369941022145,0.23758293862554436,0.24870429982186382
2024-11-21,12572.547404128049,4536.688263938173,8035.859140189876,0.6391591840450246,13,0.006847450266777244,0.25725474041280494,0.0,0.8099782652987275,0.24605238138995555,0.25725474041280494
2024-11-22,12636.909241518082,4504.9006279707155,8132.008613547366,0.6435124648066604,13,0.005119236008519712,0.26369092415180817,0.0,0.804302915188487,0.25240813483744007,0.26369092415180817
2024-11-25,12682.924114330055,3887.1937831152504,8795.730331214805,0.6935096553386119,14,0.0036413075327623723,0.2682924114330054,0.0,0.6940178152321461,0.2569402203371143,0.2682924114330054
2024-11-26,12732.13553480199,4434.904299248995,8297.231235552994,0.6516763203528082,13,0.00388013206010851,0.27321355348019893,0.0,0.7918058024011774,0.26178218180406754,0.27321355348019893
2024-11-27,12713.47885711657,4460.346811956532,8253.132045160039,0.6491639415076557,13,-0.0014653219512487103,0.2713478857116569,0.0014653219512487103,0.7963482970820447,0.25983687920581744,0.2713478857116569
2024-11-29,12746.65139681747,2553.780934278938,10192.87046253853,0.7996508373237103,16,0.0026092417404957047,0.274665139681747,0.0,0.4559508898909012,0.26310853808691825,0.274665139681747
2024-12-02,12721.475628749578,1920.3282317370904,10801.147397012488,0.8490483110782139,17,-0.001975088773054301,0.2721475628749579,0.001975088773054301,0.34285453164382973,0.26055667582696485,0.2721475628749579
2024-12-03,12695.296134788377,1284.4837814514508,11410.812353336927,0.8988220701735634,18,-0.0020578975839907754,0.26952961347883764,0.004028921826630838,0.22933115183921635,0.2579157933156606,0.26952961347883764
2024-12-04,12688.939670207898,1940.165644381806,10748.774025826091,0.8470978903826707,17,-0.0005006944708491057,0.2688939670207897,0.004527599038597785,0.3463962943013401,0.2572455072281825,0.2688939670207897
2024-12-05,12632.495445922345,1939.6900125681557,10692.80543335419,0.8464523481625897,17,-0.004448301099427288,0.2632495445922345,0.008955760014243919,0.34631137521302546,0.25156645366210606,0.2632495445922345
2024-12-06,12618.355054166896,1325.1435758544449,11293.21147831245,0.8949828586875237,18,-0.0011193664637348943,0.26183550541668965,0.01006510170056163,0.23659053309309855,0.25012875543325164,0.26183550541668965
2024-12-09,12551.500140905158,1325.3802086358473,11226.119932269312,0.894404637393386,18,-0.00529822730258811,0.25515001409051585,0.015310001806516427,0.23663278140257943,0.24341960082893777,0.25515001409051585
2024-12-10,12552.477964636222,1330.4570274477983,11222.020937188423,0.8940084156135496,18,7.790492929826698e-05,0.25524779646362217,0.015233289601826572,0.23753919433097628,0.2434936292826111,0.25524779646362217
2024-12-11,12572.9644679682,1959.916771857867,10613.047696110334,0.8441165743487868,17,0.0016320684561004217,0.25729644679681996,0.013626082917167937,0.3499226516439684,0.24550728735064453,0.25729644679681996
2024-12-12,12484.083898501283,2585.680109668398,9898.403788832886,0.7928818701724034,16,-0.007069181631217947,0.24840838985012836,0.02059893929332235,0.4616461541989641,0.236573065788533,0.24840838985012836
2024-12-13,12500.541199931737,3205.370556067798,9295.17064386394,0.7435814574103958,15,0.0013182626425980448,0.2500541199931736,0.01930783146287196,0.5722854054754148,0.23816156739103067,0.2500541199931736
2024-12-16,12515.18766206329,4430.621725284701,8084.56593677859,0.645980400380648,13,0.0011716662420691026,0.25151876620632896,0.018158787555135447,0.7910411935876989,0.23954710948482738,0.25151876620632896
2024-12-17,12511.789648440841,3805.5417818854976,8706.247866555343,0.6958435292780256,14,-0.00027151120016755126,0.2511789648440841,0.01842536844110032,0.6794397039609886,0.2391393641521864,0.2511789648440841
2024-12-18,12299.58564882697,3208.6104614932774,9090.975187333692,0.7391285728556809,15,-0.016960323469018324,0.22995856488269695,0.03507319170132184,0.5728638567208137,0.217861677805127,0.22995856488269695
2024-12-19,12202.37950471877,4908.682197358952,7293.697307359819,0.5977274600039509,12,-0.007903204781330886,0.220237950471877,0.04269920586630227,0.8763938934759778,0.20805342400495963,0.220237950471877
2024-12-20,12295.03949313143,5476.542585286669,6818.496907844761,0.5545729976429832,11,0.007593599951290386,0.229503949313143,0.0354298466025984,0.9777794296173308,0.21722164490326357,0.229503949313143
2024-12-23,12317.399591016658,5503.726101319329,6813.6734896973285,0.5531746728965979,11,0.0018186275772209548,0.23173995910166578,0.033675652721465776,0.982632762242337,0.21935939141556227,0.23173995910166578
2024-12-24,12387.034761347244,4888.728953218812,7498.305808128431,0.6053350097576458,12,0.005653398659029696,0.23870347613472442,0.028212635952373555,0.8728314503158029,0.22623562530358932,0.23870347613472442
2024-12-26,12393.832853789827,4892.528717793804,7501.304135996023,0.60524490078969,12,0.0005488070852757154,0.2393832853789828,0.02767931216160291,0.8735098585598651,0.22682808356199158,0.2393832853789828
2024-12-27,12340.579409963822,4887.974737371046,7452.604672592775,0.6039104344302926,12,-0.0042967695671093376,0.23405794099638233,0.031857150102577836,0.8726967929603724,0.22141546950009516,0.23405794099638233
2024-12-30,12219.986644542303,3654.569281516873,8565.41736302543,0.70093508382441,14,-0.009772050518483177,0.22199866445423022,0.04131789094088367,0.6524851422097614,0.20929094444372232,0.22199866445423022
