trade_id,ticker,sector,direction,entry_date,entry_price,exit_date,exit_price,position_pct,shares,gross_pnl,entry_friction_cost,exit_friction_cost,slippage_cost,spread_cost,total_costs,net_pnl,holding_days,exit_reason,confidence_at_entry
6,NVDA,Tech,LONG,2024-01-03,47.51768053889346,2024-01-16,54.912908473514655,0.05,10.5223991223803,79.21683400741766,0.6491560970738406,0.7521379812834469,0.5785676779103438,0.1735703033731031,1.4012940783572874,77.81553992906038,8,signal,0.613609
1,NFLX,Tech,LONG,2024-01-03,46.79275004158021,2024-01-24,53.70509402389526,0.05,10.685416000463707,75.25741782666059,0.6491560970738637,0.7469907402484628,0.5746082617295868,0.17238247851887603,1.3961468373223265,73.86127098933827,14,max_hold,0.660619
2,MS,Finance,LONG,2024-01-03,87.10863846893618,2024-01-24,81.4010325579382,0.05,5.739958846656811,-31.504066133890074,0.6491560970738123,0.608200811099747,0.46784677776903616,0.14035403333071084,1.2573569081735592,-32.76142304206363,14,max_hold,0.640894
3,ISRG,Health,LONG,2024-01-03,328.52653611145024,2024-01-24,383.4308836853028,0.05,1.5219470728853959,84.97028464289072,0.6491560970738738,0.7596174671095619,0.5843211285458169,0.17529633856374505,1.4087735641834356,83.56151107870728,14,max_hold,0.622793
4,MSFT,Tech,LONG,2024-01-03,363.23252411994036,2024-01-24,394.22688945478234,0.05,1.3765287159001727,44.020172332690976,0.6491560970738359,0.7063823211063023,0.5433710162356171,0.16301130487068513,1.3555384181801382,42.66463391451084,14,max_hold,0.622793
5,PEP,Consumer,LONG,2024-01-03,161.82022320534097,2024-01-24,154.61201603338853,0.05,3.0898486610386606,-21.001258720936104,0.6491560970738102,0.621854460736587,0.47834958518199006,0.143504875554597,1.2710105578103972,-22.2722692787465,14,max_hold,0.619195
7,WFC,Finance,LONG,2024-01-03,46.64037687933626,2024-01-24,46.78460400409024,0.05,10.720325037114398,2.8481764801029024,0.6491560970738204,0.6528587264979377,0.5021990203830291,0.1506597061149087,1.3020148235717581,1.5461616565311442,14,max_hold,0.613609
8,KO,Consumer,LONG,2024-01-03,56.56076013439999,2024-01-24,56.29152396736105,0.05,8.84005092597584,-1.0831573381307562,0.6491560970738189,0.6477479925342341,0.4982676865647955,0.14948030596943862,1.296904089608053,-2.3800614277388092,14,max_hold,0.610039
9,GILD,Health,LONG,2024-01-03,78.28181760926935,2024-01-24,74.26096210949532,0.05,6.387179236124366,-24.415352523746392,0.6491560970738521,0.6174161387929337,0.47493549137917973,0.1424806474137539,1.2665722358667857,-25.681924759613178,14,max_hold,0.604343
10,AMGN,Health,LONG,2024-01-04,281.846836877296,2024-01-25,287.84685900620605,0.05,1.7753166119519896,11.966761867995187,0.649633060016686,0.6651898504450742,0.5116845003423648,0.1535053501027094,1.3148229104617601,10.651938957533426,14,max_hold,0.6498
11,COST,Consumer,LONG,2024-01-04,634.9963124344838,2024-01-25,677.1632295315976,0.05,0.7879846886292148,34.571093580911736,0.6496330600167625,0.6945754816718657,0.5342888320552813,0.16028664961658437,1.3442085416886282,33.226885039223106,14,max_hold,0.63189
12,QQQ,Index,LONG,2024-01-05,392.62905990978203,2024-01-26,419.2577982082004,0.05,1.270248151172963,35.16585213655656,0.6475154685722205,0.6932310763497126,0.5332546741151636,0.15997640223454904,1.3407465449219331,33.825105591634625,14,max_hold,0.63189
13,GS,Finance,LONG,2024-01-05,363.9889303280031,2024-01-26,359.9353470920161,0.05,1.3701964425065085,-4.264718526293193,0.6475154685721967,0.641971334488008,0.49382410345231387,0.14814723103569413,1.2894868030602047,-5.5542053293533975,14,max_hold,0.604343
14,DIS,Industrial,LONG,2024-01-10,88.15390211828755,2024-01-31,94.38575726995012,0.05,5.740244261729784,37.134602433784316,0.6569783381790689,0.7052533213429527,0.5425025548791944,0.16275076646375833,1.3622316595220216,35.77237077426229,14,max_hold,0.616805
15,CAT,Industrial,LONG,2024-01-12,285.98882608672744,2024-02-02,297.9520020305827,0.05,1.7779832035183267,22.620072196344708,0.6601701067901731,0.6895762006453837,0.5304432312656798,0.15913296937970392,1.3497463074355567,21.270325888909152,14,max_hold,0.630421
16,ADBE,Tech,LONG,2024-01-17,592.7595772216797,2024-02-06,624.7667630676269,0.05,0.8595081842507074,28.870902991476445,0.6614663140812399,0.6989984879701436,0.5376911445924182,0.16130734337772543,1.3604648020513834,27.510438189425063,14,max_hold,0.638383
17,UNH,Health,LONG,2024-01-24,494.46348079942334,2024-02-13,497.0837875163763,0.05,1.033300439900912,4.03950700716291,0.6633457823754392,0.6685971414846981,0.5143054934497677,0.1542916480349303,1.3319429238601372,2.7075640833027723,14,max_hold,0.629171
18,PG,Consumer,LONG,2024-01-24,146.4010831222663,2024-02-13,149.6446738282579,0.05,3.489928635283932,12.663053620438356,0.6633457823753819,0.6798077520819563,0.5229290400630433,0.15687871201891299,1.3431535344573382,11.319900085981018,14,max_hold,0.625602
19,HD,Consumer,LONG,2024-01-24,333.376497634495,2024-02-13,338.68034441061434,0.05,1.5325895372059173,9.467619546184627,0.6633457823754565,0.6756536877854263,0.5197336059887895,0.15592008179663683,1.338999470160883,8.128620076023743,14,max_hold,0.610468
20,QCOM,Tech,LONG,2024-01-25,150.39922170970854,2024-02-14,144.02166090358315,0.05,3.422422460208026,-20.516819583817988,0.6682798129334659,0.6416079474744701,0.49354457498036164,0.14806337249410848,1.309887760407936,-21.826707344225923,14,max_hold,0.623364
21,TXN,Tech,LONG,2024-01-25,160.25455653652574,2024-02-14,148.65893431347325,0.05,3.2119503214237417,-35.95474406786304,0.668279812933511,0.6215386456452114,0.4781066504963165,0.14343199514889493,1.2898184585787225,-37.24456252644176,14,max_hold,0.606768
22,LLY,Health,LONG,2024-01-26,628.2974763011053,2024-02-15,744.4329738761691,0.05,0.8175914929570713,96.41059034125094,0.6669308630493316,0.7922646304928971,0.6094343311483824,0.18283029934451472,1.4591954935422287,94.95139484770871,14,max_hold,0.63189
23,WMT,Consumer,LONG,2024-01-26,53.266213751159626,2024-02-15,55.32731733016643,0.05,9.643836786859994,21.238418186495576,0.6669308630492841,0.6945408066917154,0.5342621589936272,0.16027864769808814,1.3614716697409994,19.876946516754575,14,max_hold,0.608187
24,TMO,Health,LONG,2024-01-29,547.2852435765197,2024-02-16,542.2118156516077,0.05,0.9400550483251839,-3.4378639692559143,0.667953393515869,0.6634841703557776,0.5103724387352135,0.15311173162056405,1.3314375638716465,-4.76930153312756,14,max_hold,0.613609
25,MS,Finance,LONG,2024-01-31,82.78049607531017,2024-02-21,80.02391724132899,0.05,6.24791443452006,-15.90055110150087,0.6714941508272815,0.6508234343953334,0.5006334110733335,0.150190023322,1.3223175852226148,-17.222868686723483,14,max_hold,0.630421
26,BRK-B,Finance,LONG,2024-01-31,387.03248777771,2024-02-21,407.72927175292966,0.05,1.3363360251626104,29.038596508209583,0.6714941508273404,0.7092443262879569,0.5455725586830438,0.16367176760491314,1.3807384771152973,27.657858031094285,14,max_hold,0.622793
27,AXP,Finance,LONG,2024-02-01,196.33136374920193,2024-02-22,207.66700894396558,0.05,2.631679741907285,31.213993205290848,0.6708135968079347,0.7113917879747743,0.547224452288288,0.16416733568648637,1.3822053847827092,29.83178782050814,14,max_hold,0.625602
28,QQQ,Index,LONG,2024-02-01,414.75375259771533,2024-02-22,429.1850909774701,0.05,1.245754304677631,19.34467718279246,0.6708135968079106,0.6959616771455264,0.5353551362657896,0.16060654087973686,1.366775273953437,17.977901908839023,14,max_hold,0.613609
29,INTC,Tech,LONG,2024-02-07,42.50241007455437,2024-02-28,41.9472713861018,0.05,12.21543004152492,-5.440201077390828,0.674064498073012,0.6669922366723968,0.5130709512864591,0.1539212853859377,1.341056734745409,-6.7812578121362375,14,max_hold,0.658602
30,DIS,Industrial,LONG,2024-02-07,95.58348620200766,2024-02-28,106.48498996247247,0.05,5.431745979265378,60.6411617252399,0.6740644980730116,0.7528980083158168,0.5791523140890898,0.1737456942267269,1.4269625063888283,59.21419921885107,14,max_hold,0.613609
31,CAT,Industrial,LONG,2024-02-08,315.9215467028662,2024-02-29,321.24468220025386,0.05,1.6484656716232502,10.140473922347516,0.6761425867028822,0.6893252028018733,0.530250156001441,0.15907504680043227,1.3654677895047556,8.77500613284276,14,max_hold,0.625602
32,CVX,Energy,LONG,2024-02-12,137.7510508764666,2024-03-04,139.6987294566721,0.05,3.8272791682848415,8.83476568115782,0.6844854146185749,0.6959706100040007,0.5353620076953852,0.16060860230861554,1.3804560246225757,7.454309656535245,14,max_hold,0.754734
33,GILD,Health,LONG,2024-02-14,68.41822009753196,2024-03-06,68.02587937998777,0.05,7.731248469852958,-1.6619381749521156,0.686752958424918,0.6845924387974487,0.5266095683057298,0.15798287049171894,1.3713453972223668,-3.0332835721744824,14,max_hold,0.666545
34,MRK,Health,LONG,2024-02-15,118.33378745120027,2024-03-07,115.58110374690901,0.05,4.436213407796489,-10.862505424432754,0.6815540945094144,0.6674328374576362,0.5134098749674124,0.1540229624902237,1.3489869319670507,-12.211492356399805,14,max_hold,0.622793
35,CSCO,Tech,LONG,2024-02-15,45.733156455346254,2024-03-07,46.72972666941495,0.05,11.478628967998707,12.819032659329604,0.6815540945094483,0.6982188369665272,0.5370914130511748,0.1611274239153524,1.3797729314759755,11.439259727853628,14,max_hold,0.613609
36,ORCL,Tech,LONG,2024-02-15,112.040865837368,2024-03-07,111.44672575535743,0.05,4.685379129864518,-1.422512617852679,0.6815540945094367,0.6797048281061902,0.5228498677739924,0.1568549603321977,1.3612589226156269,-2.783771540468306,14,max_hold,0.607188
37,ISRG,Health,LONG,2024-02-16,378.7817855560303,2024-03-08,391.5103630279541,0.05,1.3961532866568431,19.169157357179575,0.6865960903612869,0.7115159949256027,0.5473199960966175,0.16419599882898522,1.3981120852868896,17.771045271892685,14,max_hold,0.622793
38,XOM,Energy,LONG,2024-02-16,97.39815415299856,2024-03-08,100.15272970907813,0.05,5.42964535035306,16.35081660256957,0.6865960903613205,0.7078521519446098,0.5445016553420076,0.16335049660260223,1.3944482423059303,14.956368360263639,14,max_hold,0.608187
39,V,Finance,LONG,2024-02-21,270.92304704057386,2024-03-12,276.7922578928688,0.05,1.952849581494234,12.852194962037462,0.6869005759906264,0.7036084294412864,0.5412372534163742,0.16237117602491224,1.390509005431913,11.46168595660555,14,max_hold,0.63189
40,HD,Consumer,LONG,2024-02-21,341.57027018488066,2024-03-12,354.05021541458416,0.05,1.5489403066137992,20.731442217484407,0.6869005759907214,0.7138514508733673,0.549116500671821,0.16473495020154627,1.4007520268640887,19.330690190620317,14,max_hold,0.613609
41,SPY,Index,LONG,2024-02-22,492.49035514759294,2024-03-13,503.9788562187181,0.05,1.0699705552333059,13.678431516385599,0.6841458427720684,0.7019278037433111,0.5399444644179316,0.16198333932537945,1.3860736465153796,12.29235786987022,14,max_hold,0.613609
42,GE,Industrial,LONG,2024-02-22,118.1174046595989,2024-03-13,130.1224401651083,0.05,4.461240748244759,54.99714155086384,0.6841458427720791,0.7556421267881326,0.5812631744524097,0.1743789523357229,1.4397879695602116,53.55735358130362,14,max_hold,0.613609
43,GS,Finance,LONG,2024-02-23,371.6895371649564,2024-03-14,377.59240022826543,0.05,1.420022714289478,9.765412714443476,0.6852590243378,0.6979540608665129,0.5368877391280868,0.16106632173842603,1.383213085204313,8.382199629239164,14,max_hold,0.613609
44,KO,Consumer,LONG,2024-02-26,57.797114264173075,2024-03-15,56.950527902185925,0.05,9.195903782093245,-6.413366807096963,0.6900486489092363,0.6817112720599718,0.5243932861999784,0.15731798585999351,1.3717599209692082,-7.785126728066172,14,max_hold,0.622793
45,PEP,Consumer,LONG,2024-02-28,155.45838467753254,2024-03-19,159.0073883026849,0.05,3.419375590041366,13.533258800463354,0.6901445996042449,0.7077378360448169,0.5444137200344745,0.16332411601034236,1.3978824356490618,12.135376364814292,14,max_hold,0.640894
46,MU,Tech,LONG,2024-02-28,89.89768364991298,2024-03-19,91.76561332775789,0.05,5.913062319866904,12.441647935750796,0.6901445996042642,0.7063187419206906,0.543322109169762,0.16299663275092857,1.3964633415249548,11.04518459422584,14,max_hold,0.633021
47,MS,Finance,LONG,2024-02-28,80.628643948061,2024-03-19,82.83853806198188,0.05,6.592825822247987,15.970497825072565,0.6901445996042678,0.7109062467768088,0.5468509590590838,0.1640552877177251,1.4010508463810765,14.569446978691488,14,max_hold,0.613609
48,AMGN,Health,LONG,2024-03-06,259.44188586555117,2024-03-26,265.12983031011623,0.05,2.0684714080442212,13.175952796778594,0.6967368020080018,0.713865540643756,0.5491273389567354,0.1647382016870206,1.4106023426517578,11.765350454126835,14,max_hold,0.621831
49,NFLX,Tech,LONG,2024-03-07,60.01191230545045,2024-03-27,62.81922967529297,0.05,8.878276173089777,26.341870874245057,0.6917437635673486,0.7259881957038251,0.5584524582337116,0.1675357374701135,1.4177319592711737,24.924138914973884,14,max_hold,0.727558
50,TMO,Health,LONG,2024-03-07,592.0630808018353,2024-03-27,568.5885827757276,0.05,0.899908047638194,-19.767099390033657,0.6917437635673801,0.6660465343602628,0.512343487969433,0.15370304639082985,1.357790297927643,-21.1248896879613,14,max_hold,0.613609
51,QQQ,Index,LONG,2024-03-07,438.15600874822115,2024-03-27,441.57232478368286,0.05,1.2160105544260598,5.544972347562856,0.6917437635673486,0.6989522276191382,0.5376555597070294,0.1612966679121088,1.3906959911864867,4.15427635637637,14,max_hold,0.604343
52,TXN,Tech,LONG,2024-03-08,165.67375238590878,2024-03-28,163.37883844782638,0.05,3.2202254456592057,-6.012639836620416,0.6926584270890945,0.6848419953014075,0.5268015348472366,0.15804046045417094,1.377500422390502,-7.390140259010918,14,max_hold,0.613609
53,ABBV,Health,LONG,2024-03-11,166.76867333785495,2024-04-01,169.57081274030662,0.05,3.2190948521715375,10.427891469316931,0.6969913424538108,0.7105476013638973,0.5465750779722287,0.1639725233916686,1.4075389438177082,9.020352525499224,14,max_hold,0.640894
54,COST,Consumer,LONG,2024-03-12,710.2112919816021,2024-04-02,711.2516193599434,0.05,0.7544515854887602,2.179032753909972,0.6956616856564803,0.6984944282365323,0.5373034063357941,0.1611910219007382,1.3941561138930125,0.7848766400169596,14,max_hold,0.646062
55,JPM,Finance,LONG,2024-03-13,182.60331902965507,2024-04-03,190.4338690783219,0.05,2.9318910254503114,24.380176313688583,0.6950813362275385,0.7267755654353308,0.5590581272579468,0.16771743817738402,1.4218569016628693,22.958319412025713,14,max_hold,0.613609
56,MA,Finance,LONG,2024-03-15,468.57215061915286,2024-04-05,468.00708199868365,0.05,1.1484704135113484,0.7493602743483327,0.6986753491021603,0.6996495174587444,0.5381919365067265,0.16145758095201793,1.3983248665609047,-0.648964592212572,14,max_hold,0.613609
57,CVX,Energy,LONG,2024-03-18,143.30451848878306,2024-04-08,148.08064038833467,0.05,3.7398199779095966,19.27851512753081,0.6958084804952358,0.720870550160932,0.5545158078161015,0.16635474234483047,1.4166790306561678,17.86183609687464,14,max_hold,0.622793
58,QCOM,Tech,LONG,2024-03-19,159.30640884098892,2024-04-09,167.6749349073453,0.05,3.357124309698527,29.521264307937575,0.6943521853132602,0.7327298289135247,0.5636383299334805,0.16909149898004416,1.4270820142267848,28.09418229371079,14,max_hold,0.623364
59,PG,Consumer,LONG,2024-03-20,154.08587476035396,2024-04-10,147.65254941987777,0.05,3.4829034147428857,-21.040482830595057,0.6967602967906399,0.6694076691108246,0.5149289762390958,0.15447869287172872,1.3661679659014645,-22.40665079649652,14,max_hold,0.622793
60,HD,Consumer,LONG,2024-03-20,361.5566194529668,2024-04-10,334.43301532850154,0.05,1.4843213773224633,-38.91721722078132,0.6967602967906236,0.6461679144035823,0.49705224184890945,0.14911567255467284,1.3429282111942058,-40.26014543197552,14,max_hold,0.604343
61,WFC,Finance,LONG,2024-03-21,55.10052908224076,2024-04-11,54.37535018550824,0.05,9.74582847446089,-5.680465656976365,0.6971940446158539,0.6898094392617612,0.5306226455859702,0.15918679367579103,1.387003483877615,-7.06746914085398,14,max_hold,0.640894
62,GE,Industrial,LONG,2024-03-21,137.64208170524716,2024-04-11,154.72918567343106,0.05,3.9014253390726723,68.1470396335973,0.6971940446158723,0.7857851961395068,0.6044501508765437,0.18133504526296312,1.482979240755379,66.66406039284192,14,max_hold,0.619864
63,PFE,Health,LONG,2024-03-26,24.114169753058317,2024-04-16,22.62335584586647,0.05,22.41546299924879,-32.05540189059261,0.7017770536447799,0.6601050311869593,0.5077731009130456,0.15233193027391367,1.3618820848317392,-33.417283975424354,14,max_hold,0.629171
64,CAT,Industrial,LONG,2024-03-26,346.8549377128855,2024-04-16,352.3209443039407,0.05,1.5583756236006512,9.934560465835991,0.7017770536447457,0.7146919822503164,0.5497630632694742,0.16492891898084222,1.4164690358950622,8.51809142994093,14,max_hold,0.622793
65,ISRG,Health,LONG,2024-03-27,403.5439149993897,2024-04-17,378.4373836853028,0.05,1.333686591996092,-32.12850511707961,0.698753062350198,0.656986005697927,0.5053738505368669,0.15161215516106005,1.355739068048125,-33.484244185127736,14,max_hold,0.63189
66,MSFT,Tech,LONG,2024-03-27,418.5672960277034,2024-04-17,410.4083773529914,0.05,1.2858173914301112,-9.105210175736763,0.6987530623501484,0.6869162891216727,0.5283971454782098,0.15851914364346292,1.385669351471821,-10.490879527208584,14,max_hold,0.604343
67,GOOGL,Tech,LONG,2024-03-28,149.80794612310498,2024-04-18,153.86633231860034,0.05,3.5857097507904503,15.967776106857263,0.6974115221286697,0.7181696310675074,0.5524381777442365,0.16573145332327094,1.415581153196177,14.552194953661086,14,max_hold,0.658602
68,LLY,Health,LONG,2024-04-01,766.3191112633319,2024-04-19,737.8929183505549,0.05,0.7078880869099973,-18.738337078214364,0.704293039573812,0.6799332013720755,0.5230255395169812,0.15690766185509433,1.3842262409458874,-20.122563319160253,14,max_hold,0.675879
69,PEP,Consumer,LONG,2024-04-02,161.13573651754916,2024-04-22,162.0834160565727,0.05,3.367109552338861,4.605757197102513,0.7044144421720225,0.7104019265282266,0.5464630204063282,0.16393890612189843,1.414816368700249,3.1909408284022636,14,max_hold,0.629171
70,SPY,Index,LONG,2024-04-03,507.45873816193995,2024-04-23,490.5575754245064,0.05,1.0654381578749614,-16.62484972743239,0.7019531350646986,0.6803408304190063,0.5233391003223126,0.15700173009669374,1.3822939654837048,-18.007143692916095,14,max_hold,0.604343
71,AXP,Finance,LONG,2024-04-03,221.26960621572056,2024-04-23,230.16304580523305,0.05,2.4434711681897365,23.164883842135072,0.7019531350647149,0.7320674840594441,0.5631288338918801,0.168938650167564,1.434020619124159,21.730863223010914,14,max_hold,0.604343
72,QQQ,Index,LONG,2024-04-05,433.142300897567,2024-04-25,414.6688363216266,0.05,1.24717749876691,-21.665143691866355,0.7013551691568107,0.6731904823573133,0.5178388325825487,0.1553516497747646,1.374545651514124,-23.03968934338048,14,max_hold,0.6498
73,BRK-B,Finance,LONG,2024-04-08,418.8638233337403,2024-04-26,403.3949174102783,0.05,1.2784003434109046,-18.40895714238063,0.6952145733246239,0.6712829290395187,0.5163714838765529,0.15491144516296584,1.3664975023641426,-19.775454644744773,14,max_hold,0.613609
74,NFLX,Tech,LONG,2024-04-09,63.281160013961795,2024-04-29,55.845305868530275,0.05,8.559935858782126,-62.324910490102916,0.7032732168436236,0.622250833206463,0.4786544870818947,0.14359634612456837,1.3255240500500867,-63.650434540153,14,max_hold,0.622793
75,BAC,Finance,LONG,2024-04-11,35.120821315060006,2024-05-01,35.46809056649748,0.05,15.381955040959994,6.753225535308335,0.7013831646967105,0.7101623578925902,0.546278736840454,0.16388362105213622,1.4115455225893005,5.341680012719035,14,max_hold,0.63189
76,XOM,Energy,LONG,2024-04-12,115.13414447536276,2024-05-02,108.58674288150556,0.05,4.674629072801284,-29.247167456162572,0.6987638517404094,0.6607425340473504,0.5082634877287311,0.15247904631861933,1.3595063857877598,-30.606673841950332,14,max_hold,0.658602
77,KO,Consumer,LONG,2024-04-12,56.08086596841831,2024-05-02,59.00005991334196,0.05,9.597024042740786,29.451388984015576,0.6987638517403822,0.7370506574195821,0.5669620441689093,0.17008861325067276,1.4358145091599643,28.01557447485561,14,max_hold,0.65201
78,DIS,Industrial,LONG,2024-04-15,112.74906200850695,2024-05-03,111.14456808789379,0.05,4.7871326822421265,-6.2875848436699915,0.7007571512264452,0.6925832909296227,0.5327563776381713,0.15982691329145138,1.393340442156068,-7.68092528582606,14,max_hold,0.6498
79,ABBV,Health,LONG,2024-04-16,153.01346931438704,2024-05-06,154.71467298128206,0.05,3.494199762917628,7.342200540266575,0.6941551150125196,0.7036999757148257,0.541307673626789,0.16239230208803668,1.3978550907273453,5.944345449539229,14,max_hold,0.63189
80,HD,Consumer,LONG,2024-04-16,320.96227923892644,2024-05-06,328.8538860445184,0.05,1.665802067050785,14.55308416855123,0.694155115012477,0.7130741244315958,0.5485185572550737,0.1645555671765221,1.4072292394440726,13.145854929107157,14,signal,0.621831
81,CSCO,Tech,LONG,2024-04-19,46.23099134634338,2024-05-09,45.73932611863062,0.05,11.470942459352283,-4.268388664442477,0.6885118885893834,0.6829629833255924,0.5253561410196864,0.1576068423059059,1.3714748719149759,-5.639863536357453,14,max_hold,0.618212
82,QCOM,Tech,LONG,2024-04-22,151.58518289168387,2024-05-10,174.1132883417171,0.05,3.5016123276567956,80.36743830012016,0.6891344338707133,0.7936121036608436,0.6104708489698797,0.18314125469096387,1.4827465375315567,78.8846917625886,14,max_hold,0.63189
83,PG,Consumer,LONG,2024-04-22,151.65394267101254,2024-05-10,158.57349623754413,0.05,3.5000246993584234,25.63019651460464,0.6891344338707781,0.7224536893396734,0.5557336071843642,0.16672008215530923,1.4115881232104515,24.21860839139419,14,max_hold,0.622793
84,TMO,Health,LONG,2024-04-22,546.7988851602793,2024-05-10,576.1859267949038,0.05,0.9707271896650681,29.943996401612868,0.6891344338706861,0.728061629192784,0.5600474070713723,0.1680142221214117,1.4171960630634701,28.526800338549396,14,max_hold,0.622793
85,CVX,Energy,LONG,2024-04-24,148.67742131572467,2024-05-14,150.54485334617303,0.05,3.5988156928974564,8.120456983202342,0.6946783462636584,0.7052349403417439,0.5424884156474954,0.1627465246942486,1.3999132866054023,6.720543696596939,14,max_hold,0.640894
86,AMGN,Health,LONG,2024-04-24,254.96680195030862,2024-05-14,290.10647205112684,0.05,2.0985580590010966,75.22979330453501,0.6946783462636307,0.7924770775594765,0.609597751968828,0.1828793255906484,1.4871554238231073,73.7426378807119,14,max_hold,0.625602
87,CAT,Industrial,LONG,2024-04-24,355.43407251874964,2024-05-14,348.4426994946005,0.05,1.505378010664218,-9.14719387441463,0.6946783462636374,0.682786994226842,0.5252207647898784,0.15756622943696355,1.3774653404904793,-10.524659214905109,14,max_hold,0.613609
88,MA,Finance,LONG,2024-04-24,461.241224253278,2024-05-14,452.75667117726647,0.05,1.1600494684246647,-8.464147985502043,0.6946783462636059,0.6836749538824285,0.5259038106787911,0.15777114320363733,1.3783533001460344,-9.842501285648078,14,max_hold,0.613609
89,V,Finance,LONG,2024-04-26,271.2978987885683,2024-05-16,277.7283695858315,0.05,1.985790052599779,14.186915091685059,0.6994535796636887,0.7178965692828565,0.552228130217582,0.16566843906527456,1.4173501489465452,12.769564942738514,14,max_hold,0.613609
90,TXN,Tech,LONG,2024-04-29,167.58107398495932,2024-05-17,184.96939855659622,0.05,3.1981919100450864,57.07707672442151,0.6958387752162488,0.77003897495794,0.5923376730445693,0.17770130191337077,1.4658777501741889,55.61119897424732,14,max_hold,0.642571
91,QQQ,Index,LONG,2024-05-01,419.6258416283952,2024-05-21,448.1003250064638,0.05,1.2791555808983972,37.86630211967098,0.6968908003301746,0.7461169930857363,0.5739361485274895,0.17218084455824684,1.443007793415911,36.423294326255075,14,max_hold,0.609777
92,JPM,Finance,LONG,2024-05-01,185.51137188479174,2024-05-21,189.58150488484665,0.05,2.8934438452727163,13.187626793942767,0.696890800330207,0.7140347151622896,0.5492574732017612,0.16477724196052837,1.4109255154924965,11.776701278450272,14,max_hold,0.604343
93,PEP,Consumer,LONG,2024-05-02,163.5955485647937,2024-05-22,167.69655361316896,0.05,3.247966144438937,14.718783621372639,0.6898618236844409,0.7089962423921703,0.5453817249170541,0.1636145174751162,1.3988580660766112,13.319925555296027,14,max_hold,0.604343
94,ISRG,Health,LONG,2024-05-06,383.1274238891602,2024-05-24,397.09309237060546,0.05,1.392885123958756,20.86539195211459,0.6928475343160351,0.7199725438537454,0.5538250337336503,0.16614751012009507,1.4128200781697804,19.45257187394481,14,max_hold,0.622793
95,NFLX,Tech,LONG,2024-05-09,61.519870624923705,2024-05-30,65.26703977890014,0.05,8.832494056285782,34.55270569679062,0.7054689494952499,0.7503874669010255,0.5772211283854043,0.17316633851562124,1.4558564163962755,33.096849280394345,14,max_hold,0.613609
96,XOM,Energy,LONG,2024-05-09,108.81324040841609,2024-05-30,106.65339134668541,0.05,4.993637627173191,-9.386768443659408,0.7054689494952222,0.6932661505184406,0.5332816542449543,0.1599844962734863,1.398735100013663,-10.785503543673071,14,max_hold,0.604343
97,UNH,Health,LONG,2024-05-10,487.8819623265641,2024-05-31,461.1944927828979,0.05,1.1156440768202833,-28.397284329853207,0.7066747307443088,0.6697582611154375,0.5151986623964904,0.1545595987189471,1.3764329918597462,-29.773717321712954,14,max_hold,0.674172
98,HD,Consumer,LONG,2024-05-13,331.67303651942933,2024-06-03,319.32042678698286,0.05,1.6527674816800493,-19.0173007438894,0.7117067133748518,0.6869842224077664,0.528449401852128,0.15853482055563836,1.3986909357826183,-20.415991679672018,14,max_hold,0.621831
99,COST,Consumer,LONG,2024-05-13,781.704585729577,2024-06-03,802.4318149435039,0.05,0.7012603217592344,15.979370035531707,0.7117067133748777,0.7324798944210137,0.563446072631549,0.1690338217894647,1.4441866077958914,14.535183427735815,14,max_hold,0.613609
100,SPY,Index,LONG,2024-05-13,512.2028276445644,2024-06-03,517.1883142514325,0.05,1.070236983716522,6.767863798180915,0.711706713374813,0.7205049363124578,0.5542345663941983,0.16627036991825947,1.4322116496872708,5.3356521484936446,14,max_hold,0.604343
101,WFC,Finance,LONG,2024-05-14,59.237536989344164,2024-06-04,56.45393411501663,0.05,9.270420588863209,-24.410949477503102,0.7129770771012238,0.681242842780445,0.5240329559849577,0.1572098867954873,1.3942199198816687,-25.80516939738477,14,max_hold,0.604343
102,MRK,Health,LONG,2024-05-14,122.13783908532277,2024-06-04,119.88777844766942,0.05,4.49620598049007,-8.702094664343443,0.7129770771012617,0.7016643540375527,0.5397418107981174,0.1619225432394352,1.4146414311388145,-10.116736095482258,14,max_hold,0.604343
103,AXP,Finance,LONG,2024-05-16,237.5936124275746,2024-06-06,230.18263562738235,0.05,2.31228573740478,-15.730200488684583,0.7132723636365168,0.6928231030011704,0.5329408484624388,0.15988225453873162,1.4060954666376873,-17.136295955322268,14,max_hold,0.613609
104,ORCL,Tech,LONG,2024-05-17,121.18802413772052,2024-06-07,121.88406739871675,0.05,4.575763788342957,4.6308499916551495,0.7199501689396706,0.7259702739288081,0.5584386722529293,0.16753160167587874,1.4459204428684787,3.1849295487866707,14,max_hold,0.63189
105,PYPL,Tech,LONG,2024-05-20,64.26828282752439,2024-06-10,66.52726032660246,0.05,8.60924024574512,20.911980670855566,0.7183575483439495,0.7455431232160139,0.5734947101661645,0.17204841304984936,1.4639006715599634,19.448079999295604,14,max_hold,0.613609
106,BAC,Finance,LONG,2024-05-21,37.05126626006726,2024-06-11,37.71685866696601,0.05,14.991855081850074,11.435670995831945,0.7211698578657619,0.7360362301603164,0.5661817155079357,0.1698545146523807,1.4572060880260782,9.978464907805867,14,max_hold,0.604343
107,WMT,Consumer,LONG,2024-05-22,64.12233191464884,2024-06-12,65.7963503655428,0.05,8.639439011523912,15.921759110059572,0.7192402562762085,0.7399385431192109,0.5691834947070853,0.17075504841212558,1.4591787993954193,14.462580310664153,14,max_hold,0.63189
108,DIS,Industrial,LONG,2024-05-24,98.97930156135152,2024-06-13,98.48736123291677,0.05,5.5850804398811595,-1.3138011715824462,0.7177165379351361,0.7160085964120512,0.5507758433938855,0.16523275301816565,1.4337251343471873,-2.7475263059296333,13,signal,0.608187
116,CAT,Industrial,LONG,2024-06-04,321.01863731801325,2024-06-14,313.0549210650375,0.05,1.7126294498250936,-12.227202684594673,0.7137938318962385,0.6978984684061773,0.5368449756970595,0.16105349270911778,1.4116923003024158,-13.638894984897089,8,signal,0.622793
109,QQQ,Index,LONG,2024-05-28,455.3557675099841,2024-06-17,474.2322297290187,0.05,1.205265734966472,24.207714749950295,0.7125458053919019,0.7440158345668118,0.5723198727437013,0.1716959618231104,1.4565616399587138,22.75115310999158,14,max_hold,0.613609
110,PFE,Health,LONG,2024-05-29,25.110956924746418,2024-06-18,23.996247506923275,0.05,21.90791561227278,-23.022411327913463,0.7142388323439851,0.684309697617655,0.5263920750905039,0.15791762252715116,1.3985485299616403,-24.420959857875104,14,max_hold,0.603102
111,CVX,Energy,LONG,2024-05-30,145.51232532334328,2024-06-20,142.22903330346708,0.05,3.780935327756003,-10.999622470136028,0.7142959141822444,0.6999964049710253,0.5384587730546349,0.16153763191639045,1.4142923191532697,-12.413914789289297,14,max_hold,0.640894
112,MSFT,Tech,LONG,2024-05-30,419.1839539040967,2024-06-20,439.77379411830657,0.05,1.3124850947057594,28.489486544395817,0.7142959141822351,0.7513322466899166,0.5779478820691667,0.17338436462074996,1.4656281608721518,27.023858383523667,14,max_hold,0.622793
113,GE,Industrial,LONG,2024-05-31,162.55158838624226,2024-06-21,162.3367346525843,0.05,3.3577651990696746,0.6967411038147392,0.7086318650733335,0.7095376285082331,0.545798175775564,0.16373945273266916,1.4181694935815665,-0.7214283897668273,14,max_hold,0.660619
114,TMO,Health,LONG,2024-05-31,562.1727831798077,2024-06-21,555.2516290569673,0.05,0.9708937943412469,-5.309344004604291,0.708631865073357,0.7017297178672884,0.539792090667145,0.16193762720014346,1.4103615829406455,-6.7197055875449365,14,max_hold,0.624368
115,PEP,Consumer,LONG,2024-06-03,160.93079706983406,2024-06-24,156.88921686964514,0.05,3.3851187118643344,-12.282633499761545,0.7072813424740906,0.6913139189243321,0.5317799376341017,0.15953398129023047,1.3985952613984227,-13.681228761159968,14,max_hold,0.613609
117,MA,Finance,LONG,2024-06-04,439.501992307205,2024-06-25,453.3103418196501,0.05,1.2509294197448335,18.72520106841809,0.7137938318961673,0.7381365932850937,0.5677973794500721,0.17033921383502162,1.451930425181261,17.27327064323683,14,max_hold,0.619864
118,ISRG,Health,LONG,2024-06-04,403.0733027770997,2024-06-25,430.55953912353516,0.05,1.3639850826775868,38.969063802223694,0.7137938318961746,0.7644536148390412,0.5880412421838779,0.17641237265516332,1.4782474467352158,37.49081635548848,14,max_hold,0.604343
119,AVGO,Tech,LONG,2024-06-07,138.42903446779763,2024-06-28,157.01468208860038,0.05,3.9908382524102346,75.70522992386323,0.7172498270227043,0.8156666259236848,0.6274358660951421,0.18823075982854262,1.532916452946389,74.17231347091683,14,max_hold,0.641708
120,NFLX,Tech,LONG,2024-06-10,64.18432922210694,2024-07-01,67.40126271514893,0.05,8.62024890831371,29.205407510472764,0.718336524598099,0.7563035543616667,0.5817719648935897,0.17453158946807695,1.4746400789597658,27.730767431512998,14,max_hold,0.604343
121,KO,Consumer,LONG,2024-06-11,60.495040354509314,2024-07-02,60.49057881641424,0.05,9.14286640171351,1.397213072931609,0.7180939713431156,0.7199103483378749,0.5537771910291346,0.16613315730874037,1.4380043196809904,-0.040791246749381393,14,max_hold,0.63189
122,GS,Finance,LONG,2024-06-12,439.9329722208301,2024-07-03,451.734763645063,0.05,1.258665317326889,16.31353774771464,0.7189123003173633,0.7401198993893767,0.5693229995302898,0.17079689985908694,1.4590321997067401,14.8545055480079,14,max_hold,0.622793
123,WFC,Finance,LONG,2024-06-12,56.081279587841145,2024-07-03,58.546242940643594,0.05,9.87367581753511,25.809626162321546,0.7189123003173569,0.7524648143283656,0.5788190879448967,0.17364572638346898,1.4713771146457226,24.338249047675824,14,max_hold,0.622793
124,PG,Consumer,LONG,2024-06-13,157.43559869542796,2024-07-05,156.58763439825722,0.05,3.505151781600483,-1.541337348396663,0.7164549785589345,0.714451240005961,0.5495778769276624,0.16487336307829872,1.4309062185648955,-2.9722435669615583,14,max_hold,0.604343
125,CAT,Industrial,LONG,2024-06-18,315.4910668657822,2024-07-10,317.642731291684,0.05,1.7659364088983325,5.253207660983805,0.7233379707966293,0.7301671407558454,0.5616670313506503,0.16850010940519508,1.4535051115524746,3.7997025494313306,14,max_hold,0.635761
126,ABBV,Health,LONG,2024-06-18,160.80661132629473,2024-07-10,157.57537635131143,0.05,3.4646408942103073,-9.761082298524588,0.7233379707966308,0.7106485638084845,0.546652741391142,0.16399582241734256,1.4339865346051153,-11.195068833129703,14,max_hold,0.613609
127,TSLA,Tech,LONG,2024-06-21,182.5369930557251,2024-07-12,235.49346304779053,0.05,3.088783037097062,165.24989248469282,0.7320107042157393,0.9468355644458166,0.7283350495737051,0.21850051487211147,1.678846268661556,163.57104621603128,14,max_hold,0.629171
128,SPY,Index,LONG,2024-06-21,535.3315214564896,2024-07-12,546.9172603008695,0.05,1.0532112255583919,13.684040868849921,0.732010704215754,0.7497999573452208,0.5767691979578621,0.17303075938735862,1.4818106615609747,12.202230207288947,14,max_hold,0.604343
129,XOM,Energy,LONG,2024-06-21,105.63771316032734,2024-07-12,107.33134158949458,0.05,5.337271613760867,10.517048510748221,0.732010704215772,0.7456828672796885,0.5736022055997604,0.17208066167992808,1.4776935714954604,9.03935493925276,14,max_hold,0.604343
130,MRK,Health,LONG,2024-06-24,124.83709380345452,2024-07-15,121.41125901678706,0.05,4.497753821888027,-13.968751301040097,0.7289847902709131,0.710825413579542,0.5467887796765708,0.16403663390297119,1.4398102038504552,-15.408561504890553,14,max_hold,0.63189
131,HD,Consumer,LONG,2024-06-25,332.29958449948873,2024-07-16,344.5961638615585,0.05,1.683524615652022,22.183073384732058,0.7263206724844038,0.7551586678844988,0.580891282988076,0.1742673848964228,1.4814793403689026,20.701594044363155,14,max_hold,0.674172
132,BAC,Finance,LONG,2024-06-25,38.24771319933233,2024-07-16,40.77601933220777,0.05,14.626613815060558,38.48322695182424,0.7263206724843808,0.7763488675217187,0.5971914365551683,0.17915743096655046,1.5026695400060994,36.98055741181814,14,max_hold,0.658602
133,TMO,Health,LONG,2024-06-27,554.7141784942429,2024-07-18,548.2749569501276,0.05,1.007466712731412,-5.042717593787866,0.7255696503416033,0.7190141174696627,0.5530877826689713,0.16592633480069136,1.4445837678112659,-6.4873013615991315,14,max_hold,0.613609
134,GE,Industrial,LONG,2024-06-28,158.5642160275735,2024-07-19,157.82707329845246,0.05,3.5350509257088647,-1.1518419172880714,0.7277462820816658,0.7262488875891657,0.5586529904532044,0.16759589713596132,1.4539951696708315,-2.605837086958903,14,max_hold,0.6498
135,GOOGL,Tech,LONG,2024-06-28,183.25683209691647,2024-07-19,177.38638578701074,0.05,3.0587267729048873,-16.52207743350957,0.7277462820817138,0.7062675814180777,0.5432827549369829,0.16298482648109483,1.4340138634997914,-17.956091297009362,14,max_hold,0.622793
136,PYPL,Tech,LONG,2024-07-01,58.1251061617868,2024-07-22,59.503998747043546,0.05,9.63202105772205,14.754455172686763,0.7268759817163042,0.7460567734407199,0.5738898257236307,0.17216694771708915,1.4729327551570242,13.28152241752974,14,max_hold,0.682047
137,BRK-B,Finance,LONG,2024-07-03,407.68931166687014,2024-07-24,433.42580324707035,0.05,1.3775717139773214,36.96023058834447,0.7291597353402026,0.7772080351050196,0.5978523346961689,0.17935570040885065,1.5063677704452223,35.45386281789925,14,max_hold,0.635761
138,CVX,Energy,LONG,2024-07-03,145.5958176855988,2024-07-24,143.1358421761883,0.05,3.857399702620138,-8.04124294359928,0.7291597353401823,0.7187061195134927,0.5528508611642252,0.16585525834926754,1.4478658548536751,-9.489108798452953,14,max_hold,0.609777
139,V,Finance,LONG,2024-07-05,265.86013374588964,2024-07-25,251.7535789044122,0.05,2.1292911950545363,-28.604215940615305,0.7349662783097071,0.697780797586885,0.5367544596822192,0.16102633790466575,1.4327470758965921,-30.036963016511898,14,max_hold,0.674172
140,QQQ,Index,LONG,2024-07-05,488.56864693675504,2024-07-25,459.3928517588225,0.05,1.158677793694823,-32.3775041848799,0.7349662783097387,0.6928755228693411,0.5329811714379546,0.15989435143138636,1.4278418011790799,-33.80534598605898,14,max_hold,0.640894
141,PEP,Consumer,LONG,2024-07-08,153.12809305824948,2024-07-26,159.91459418724975,0.05,3.713354393699881,26.711898897859967,0.7382448220352008,0.7729702906023277,0.5945925312325597,0.1783777593697679,1.5112151126375286,25.200683785222438,14,max_hold,0.623364
142,BA,Industrial,LONG,2024-07-09,185.35064361114507,2024-07-29,186.45728695220947,0.05,3.078544561220285,4.894874578373266,0.7408302012885057,0.7471935382403111,0.5747642601848547,0.1724292780554564,1.488023739528817,3.4068508388444494,14,max_hold,0.754734
143,KO,Consumer,LONG,2024-07-09,60.45631973678405,2024-07-29,63.95210314598701,0.05,9.43838821635363,34.521098767320126,0.7408302012884903,0.7857076296859421,0.6043904843738016,0.1813171453121405,1.5265378309744324,32.99456093634569,14,max_hold,0.604343
144,GILD,Health,LONG,2024-07-10,64.91368015567278,2024-07-30,73.89896866028042,0.05,8.777918720443932,80.45630013761105,0.7397873871235325,0.8443805773024405,0.6495235210018774,0.1948570563005632,1.5841679644259732,78.87213217318508,14,max_hold,0.693962
145,CAT,Industrial,LONG,2024-07-11,322.2784447174076,2024-07-31,337.76350370744285,0.05,1.7687638273184776,28.90715687831501,0.7400826844529976,0.7776619883948113,0.5982015295344703,0.17946045886034104,1.517744672847809,27.389412205467202,14,max_hold,0.725392
146,MSFT,Tech,LONG,2024-07-12,448.8518855557158,2024-08-01,414.63685568024,0.05,1.2790337309395854,-42.326488253378734,0.7453567485949371,0.6903323138655076,0.5310248568196213,0.15930745704588636,1.4356890624604448,-43.76217731583918,14,max_hold,0.604343
147,AMGN,Health,LONG,2024-07-16,313.5453005611648,2024-08-05,314.8699206441938,0.05,1.8270615784582909,3.9127683701126967,0.7437596557375089,0.7488462546185871,0.5760355804758363,0.17281067414275086,1.492605910356096,2.4201624597566007,14,max_hold,0.6498
148,MS,Finance,LONG,2024-07-16,99.18584698831371,2024-08-05,88.81353739061036,0.05,5.775688660792072,-58.495756101136564,0.7437596557374491,0.6677151728059632,0.513627056004587,0.1540881168013761,1.4114748285434122,-59.907230929679976,14,max_hold,0.622793
149,PG,Consumer,LONG,2024-07-16,157.85679082221782,2024-08-05,164.127946866346,0.05,3.6290270996743965,24.277274999402298,0.7437596557375348,0.7753201132366635,0.5964000871051258,0.1789200261315377,1.5190797689741982,22.7581952304281,14,max_hold,0.619864
150,LLY,Health,LONG,2024-07-18,897.241345319806,2024-08-07,767.901380464824,0.05,0.6477053234057252,-82.37224462473725,0.7545115294781057,0.6474276114658788,0.4980212395891375,0.14940637187674125,1.4019391409439845,-83.77418376568123,14,max_hold,0.70432
151,MU,Tech,LONG,2024-07-19,116.17810342577664,2024-08-08,87.86311092404787,0.05,5.007227662302197,-140.45166601928625,0.7552674295372369,0.5726802637120902,0.440523279778531,0.1321569839335593,1.3279476932493273,-141.77961371253556,14,max_hold,0.629171
152,SPY,Index,LONG,2024-07-19,543.2177861776617,2024-08-08,513.8450170863108,0.05,1.0708968447456122,-29.983649626809417,0.7552674295372611,0.71628868502231,0.5509912961710077,0.16529738885130235,1.4715561145595712,-31.45520574136899,14,max_hold,0.604343
153,AMZN,Tech,LONG,2024-07-22,185.24050000000003,2024-08-09,166.18367390441895,0.05,3.1142749845216873,-57.925533720129415,0.7489831337775458,0.6736799399412976,0.5182153384163828,0.15546460152491481,1.4226630737188435,-59.34819679384826,14,max_hold,0.600179
154,GS,Finance,LONG,2024-07-24,472.4354568437801,2024-08-13,472.2007398237411,0.05,1.213758604428343,1.2056406401421822,0.7444815549940934,0.7460488878262177,0.5738837598663213,0.17216512795989639,1.4905304428203112,-0.284889802678129,14,max_hold,0.613609
155,GE,Industrial,LONG,2024-07-29,169.72475203773155,2024-08-16,168.09781034739842,0.05,3.3443182894080277,-3.9722955378138294,0.7369396485834394,0.73177566438422,0.5629043572186309,0.1688713071655892,1.4687153129676593,-5.441010850781488,14,max_hold,0.660619
156,WFC,Finance,LONG,2024-07-29,58.448473517090925,2024-08-16,52.978097192400774,0.05,9.711350155946366,-51.71809419915713,0.7369396485834103,0.6697061261244738,0.5151585585572875,0.1545475675671862,1.4066457747078842,-53.12473997386501,14,max_hold,0.619864
157,XOM,Energy,LONG,2024-07-29,110.75439746188461,2024-08-16,111.99210812225805,0.05,5.1249756706081895,7.827291798170676,0.7369396485834159,0.7471151279209999,0.5747039445546153,0.17241118336638458,1.4840547765044159,6.34323702166626,14,max_hold,0.606289
158,COST,Consumer,LONG,2024-07-30,812.6201455899742,2024-08-19,862.6186418616459,0.05,0.7022789113118957,36.642381787917394,0.740928581345842,0.7885636776700966,0.6065874443616128,0.1819762333084838,1.5294922590159388,35.112889528901455,14,max_hold,0.667297
159,HD,Consumer,LONG,2024-07-30,348.1416889897026,2024-08-19,346.93136458717,0.05,1.639234855242864,-0.5028024272461337,0.7409285813458406,0.740274938190384,0.5694422601464493,0.17083267804393476,1.4812035195362245,-1.984005946782358,14,max_hold,0.660619
160,JNJ,Health,LONG,2024-07-30,150.85198919454524,2024-08-19,151.33340627572304,0.05,3.783085620561887,3.3073988184522918,0.7409285813458848,0.745228199809792,0.5732524613921477,0.1719757384176443,1.4861567811556768,1.821242037296615,14,max_hold,0.634031
161,CVX,Energy,LONG,2024-07-30,145.15051902885466,2024-08-19,136.61621973610718,0.05,3.9316841233037128,-32.114060148318465,0.7409285813458928,0.6991803031529901,0.537831002425377,0.16134930072761308,1.440108884498883,-33.55416903281735,14,max_hold,0.613609
162,NFLX,Tech,LONG,2024-08-01,63.00680173606873,2024-08-21,69.60938695220948,0.05,8.998957210065182,60.96791450121313,0.7361371882510457,0.8153954771025769,0.6272272900789053,0.18816818702367152,1.5515326653536226,59.41638183585951,14,max_hold,0.608697
163,QQQ,Index,LONG,2024-08-02,447.8455143527927,2024-08-22,480.31583289790825,0.05,1.2748214118202048,42.932141832084575,0.7412363588834678,0.7970481432651063,0.6131139563577741,0.1839341869073322,1.5382845021485743,41.393857329936,14,max_hold,0.609777
164,AXP,Finance,LONG,2024-08-05,223.43454634262147,2024-08-23,243.85759957749002,0.05,2.5332433806387997,53.27554861146137,0.7348629893009453,0.8041212024958312,0.6185547711506394,0.18556643134519182,1.5389841917967764,51.73656441966459,14,max_hold,0.625602
165,WMT,Consumer,LONG,2024-08-05,67.20115533851906,2024-08-23,74.62054105979361,0.05,8.422683846389843,64.0441236040018,0.7348629893010304,0.8181203499861337,0.6293233461431798,0.18879700384295392,1.5529833392871641,62.49114026471463,14,max_hold,0.604343
166,ISRG,Health,LONG,2024-08-06,439.58072277832036,2024-08-26,486.24706087646484,0.05,1.2564481868683133,60.14616857038524,0.7170713300232432,0.7952613491646789,0.6117394993574453,0.18352184980723357,1.5123326791879221,58.63383589119732,14,max_hold,0.640894
167,DIS,Industrial,LONG,2024-08-08,83.95608164568816,2024-08-28,88.83219267771048,0.05,6.496108684282147,33.134990050964056,0.708083671626866,0.7511591586930509,0.577814737456193,0.1733444212368579,1.459242830319917,31.67574722064414,14,max_hold,0.671602
168,GOOGL,Tech,LONG,2024-08-08,159.5841610707954,2024-08-28,163.66196083263247,0.05,3.4175561497917615,15.37226093615636,0.7080836716268409,0.7280676108438009,0.5600520083413854,0.1680156025024156,1.4361512824706417,13.936109653685719,14,max_hold,0.65201
169,CAT,Industrial,LONG,2024-08-12,331.69054987242015,2024-08-30,344.84445949799664,0.05,1.6658198416011456,23.377164231112353,0.7173651343492243,0.7477554478495855,0.575196498345835,0.17255894950375048,1.4651205821988098,21.912043648913542,14,max_hold,0.613609
170,TMO,Health,LONG,2024-08-12,594.1118835256605,2024-08-30,612.2961531744406,0.05,0.9300212881959751,18.370369632882642,0.7173651343491894,0.7412466148718869,0.5701897037476054,0.17105691112428156,1.4586117492210762,16.911757883661565,14,max_hold,0.603102
171,MS,Finance,LONG,2024-08-13,92.04333736075532,2024-09-03,98.59116389103394,0.05,6.034661914709734,41.00952788613462,0.7211480567421367,0.7744604429940588,0.5957388023031222,0.17872164069093663,1.4956084997361954,39.51391938639843,14,max_hold,0.601477
172,TXN,Tech,LONG,2024-08-14,188.58227276102505,2024-09-04,192.4939269243604,0.05,2.9416456743711414,12.964010959123339,0.7202285978325814,0.7370818120793905,0.5669860092918388,0.17009580278755163,1.457310409911972,11.506700549211367,14,max_hold,0.622793
173,SPY,Index,LONG,2024-08-15,540.3464368555799,2024-09-05,540.3067502184025,0.05,1.032324961239526,1.4092937128179857,0.7242155685886156,0.7260476504152065,0.5584981926270819,0.16754945778812455,1.450263219003822,-0.04096950618583639,14,max_hold,0.607188
174,V,Finance,LONG,2024-08-16,264.2641673241999,2024-09-06,274.3639768751116,0.05,2.1194971911235183,22.890663749559195,0.7271939563224872,0.756951819196916,0.5822706301514738,0.17468118904544214,1.4841457755194032,21.406517974039794,14,max_hold,0.716175
175,XOM,Energy,LONG,2024-08-16,112.28366662943526,2024-09-06,107.81576591853967,0.05,4.988322675698983,-20.860060595060638,0.7271939563225567,0.7000758775489101,0.5385199058068539,0.16155597174205616,1.4272698338714669,-22.287330428932105,14,max_hold,0.676978
176,UNH,Health,LONG,2024-08-19,556.4464120970825,2024-09-09,574.4335462028848,0.05,1.023796825263416,19.920333162850724,0.7396329683156555,0.7655294014273706,0.5888687703287466,0.17666063109862398,1.505162369743026,18.4151707931077,14,max_hold,0.667297
177,BA,Industrial,LONG,2024-08-19,180.2740452774048,2024-09-09,162.08901304779053,0.05,3.1601225193431386,-56.0605426325758,0.7396329683157412,0.666754262893316,0.51288789453332,0.15386636835999598,1.4063872312090573,-57.46692986378486,14,max_hold,0.613609
178,ORCL,Tech,LONG,2024-08-21,136.9409664237024,2024-09-11,154.27852673120927,0.05,4.193627975496372,74.29504956860575,0.7455940358751689,0.8421776003142818,0.6478289233186784,0.1943486769956035,1.5877716361894507,72.7072779324163,14,max_hold,0.640894
179,COST,Consumer,LONG,2024-08-23,876.6860797344551,2024-09-13,905.2644624627276,0.05,0.6545033613405052,20.220862136080626,0.744963728986999,0.7712508497638421,0.5932698844337246,0.1779809653301174,1.5162145787508412,18.704647557329785,14,max_hold,0.640894
180,MA,Finance,LONG,2024-08-23,466.89814333026817,2024-09-13,488.26212589791254,0.05,1.2289489564766771,27.78128721404462,0.7449637289869675,0.7810794023651955,0.6008303095116888,0.1802490928535066,1.526043131352163,26.255244082692457,14,max_hold,0.613609
181,HD,Consumer,LONG,2024-08-26,361.82472701771366,2024-09-16,367.81448563330775,0.05,1.580272558724668,10.964407176634635,0.7423511368485337,0.7566048661780999,0.582003743213923,0.17460112296417687,1.4989560030266336,9.465451173608002,14,max_hold,0.613609
182,PEP,Consumer,LONG,2024-08-27,165.5710517837056,2024-09-17,167.0498332629619,0.05,3.4737096868284882,6.638925676536086,0.7467187619807474,0.7553493653601931,0.5810379733539948,0.1743113920061984,1.5020681273409404,5.136857549195145,14,max_hold,0.622793
183,PFE,Health,LONG,2024-08-27,26.206877002505827,2024-09-17,27.10392554022003,0.05,21.946367985183645,21.207965187952592,0.7467187619807765,0.7742891167250345,0.5956070128654112,0.17868210385962335,1.521007878705811,19.686957309246782,14,max_hold,0.604343
184,CSCO,Tech,LONG,2024-08-28,48.612017949778455,2024-09-18,48.428127021068335,0.05,11.858059787303603,-0.6846705909978993,0.7484045538789295,0.7475144821105937,0.575011140085072,0.1725033420255216,1.4959190359895231,-2.1805896269874223,14,max_hold,0.661331
185,ABBV,Health,LONG,2024-08-30,185.9065895131948,2024-09-20,183.28706769767143,0.05,3.085796928085414,-6.602289879987818,0.7448027341254868,0.736219757281501,0.5663228902165393,0.16989686706496177,1.4810224914069878,-8.083312371394806,14,max_hold,0.613609
186,WFC,Finance,LONG,2024-09-03,56.83937752788478,2024-09-23,54.40941671231186,0.05,10.142892590256855,-23.179970783033564,0.7484973649367369,0.7183634029187516,0.5525872330144243,0.16577616990432725,1.4668607678554886,-24.646831550889054,14,max_hold,0.646062
187,AMZN,Tech,LONG,2024-09-04,174.70681972198489,2024-09-24,194.01745326690673,0.05,3.314312951698108,65.59028163465071,0.7517657025476909,0.8370330686726631,0.6438715912866639,0.19316147738599918,1.588798771220354,64.00148286343035,14,max_hold,0.6394
188,GE,Industrial,LONG,2024-09-05,163.31233746781405,2024-09-25,187.65070998480286,0.05,3.512944104582146,87.10227709054558,0.7448509408239595,0.8580839010416517,0.660064539262809,0.19801936177884266,1.6029348418656113,85.49934224867997,14,max_hold,0.621231
189,BRK-B,Finance,LONG,2024-09-06,464.42297333374034,2024-09-26,452.1514282470703,0.05,1.2367741754744006,-13.703479000533841,0.7457327892650893,0.7279182665643295,0.5599371281264073,0.16798113843792217,1.4736510558294187,-15.17713005636326,14,max_hold,0.63189
190,CAT,Industrial,LONG,2024-09-09,327.42501316973744,2024-09-27,382.4107040783825,0.05,1.7472110241516567,97.6840730399299,0.7427392093989925,0.8697285043508068,0.6690219264236976,0.20070657792710925,1.6124677137497994,96.0716053261801,14,max_hold,0.602348
191,QQQ,Index,LONG,2024-09-10,453.15937812499493,2024-09-30,481.9232777943422,0.05,1.252305765344528,37.54357305975953,0.7367845125333505,0.7855911575110278,0.6043008903930983,0.18129026711792948,1.5223756700443785,36.021197389715155,14,max_hold,0.607188
192,TMO,Health,LONG,2024-09-10,618.3840932169047,2024-09-30,609.0853795358961,0.05,0.9177048828887285,-7.069095749052846,0.7367845125333857,0.7275946880595716,0.5596882215842859,0.16790646647528576,1.4643792005929575,-8.533474949645804,14,max_hold,0.604343
193,TXN,Tech,LONG,2024-09-11,191.1572124612109,2024-10-01,196.7329758999822,0.05,2.993764529831293,18.202181025010574,0.7429976899772348,0.7666605253096803,0.5897388656228311,0.17692165968684928,1.5096582152869151,16.69252280972366,14,max_hold,0.604343
194,XOM,Energy,LONG,2024-09-12,104.58492092546139,2024-10-02,115.73181877756892,0.05,5.525917046384718,63.17962726462792,0.7503304469568828,0.8324639624008187,0.6403568941544759,0.19210706824634274,1.5827944093577013,61.596832855270215,14,max_hold,0.621831
195,SPY,Index,LONG,2024-09-12,545.764656858159,2024-10-02,558.5114635778899,0.05,1.0589318858861263,15.018184612660724,0.7503304469568205,0.7698540869532615,0.5921954515025089,0.17765863545075264,1.520184533910082,13.498000078750643,14,max_hold,0.613609
196,GS,Finance,LONG,2024-09-13,462.3409198534187,2024-10-03,474.64546230682714,0.05,1.2503523957283038,16.908074827614875,0.7505400976895542,0.7725205949654377,0.5942466115118752,0.17827398345356252,1.5230606926549919,15.385014134959883,14,max_hold,0.604343
197,WMT,Consumer,LONG,2024-09-13,78.99097654024379,2024-10-03,79.25965076443589,0.05,7.318419167630227,3.471864211029061,0.75054009768962,0.7550535211638758,0.5808104008952891,0.17424312026858674,1.5055936188534957,1.9662705921755652,14,max_hold,0.604343
198,UNH,Health,LONG,2024-09-18,557.2410968254574,2024-10-08,566.5851794983074,0.05,1.0528294228644481,11.375900973799554,0.7616935674395994,0.7764822387054958,0.5972940297734584,0.17918820893203746,1.5381758061450952,9.83772516765446,14,max_hold,0.640894
199,META,Tech,LONG,2024-09-18,535.6456859527842,2024-10-08,586.5989127995414,0.05,1.0952759216636587,57.405857245617874,0.761693567439582,0.8363211818588597,0.6433239860452767,0.192997195813583,1.5980147492984418,55.80784249631943,14,max_hold,0.613609
200,ISRG,Health,LONG,2024-09-20,485.7406283325196,2024-10-10,485.5979119720459,0.05,1.2099077437168146,1.3551276886642705,0.7630198261806235,0.7647814921758312,0.5882934555198702,0.17648803665596105,1.5278013183564547,-0.17267362969218425,14,max_hold,0.622793
201,KO,Consumer,LONG,2024-09-20,67.96562062972947,2024-10-10,67.23073520664339,0.05,8.647038638242268,-4.8348282724994975,0.7630198261806441,0.7567345494263182,0.5821034995587063,0.1746310498676119,1.5197543756069622,-6.35458264810646,14,max_hold,0.622793
202,HD,Consumer,LONG,2024-09-23,377.2962332961346,2024-10-11,395.3138692284454,0.05,1.5806474415344818,30.067172388845194,0.7742774629164444,0.813364787021879,0.6256652207860608,0.18769956623581824,1.5876422499383234,28.47953013890687,14,max_hold,0.622793
203,AXP,Finance,LONG,2024-09-23,267.5220747636136,2024-10-11,267.5443722874219,0.05,2.2292452927000332,1.600342020447901,0.7742774629163793,0.7763579075429625,0.5971983904176635,0.17915951712529904,1.5506353704593419,0.049706649988559226,14,max_hold,0.604343
204,CSCO,Tech,LONG,2024-09-24,50.307896878258425,2024-10-14,52.594402870068095,0.05,11.828283859653856,28.627795193502813,0.7725685709135638,0.8097847046650711,0.622911311280824,0.18687339338424716,1.582353275578635,27.04544191792418,14,max_hold,0.63189
205,MS,Finance,LONG,2024-09-26,99.0592797436485,2024-10-16,112.04020922991278,0.05,6.050737122976039,80.20482724837731,0.778184519840465,0.8824507952633089,0.6788083040486992,0.20364249121460976,1.6606353151037738,78.54419193327354,14,max_hold,0.654304
206,LLY,Health,LONG,2024-09-30,856.3849098705924,2024-10-18,906.1903188752674,0.05,0.7010406947769103,36.52200830632315,0.7794555816197544,0.8269341924178988,0.6361032249368452,0.19083096748105355,1.6063897740376532,34.9156185322855,14,max_hold,0.622793
207,CRM,Tech,LONG,2024-10-01,272.40523247375194,2024-10-21,286.4254615492251,0.05,2.208202136416111,32.56376930244069,0.7809683024222237,0.8233012025153303,0.6333086173194848,0.18999258519584544,1.604269504937554,30.959499797503135,14,max_hold,0.688532
208,CVX,Energy,LONG,2024-10-03,141.94383664439823,2024-10-23,140.68635156111318,0.05,4.2522400090786405,-3.7847799659632058,0.7836343149784296,0.7787141010226387,0.5990108469404913,0.17970325408214738,1.5623484160010683,-5.347128381964274,14,max_hold,0.646062
209,V,Finance,LONG,2024-10-03,273.98894239405956,2024-10-23,282.53261891557776,0.05,2.202932921115284,20.414954347220462,0.7836343149784712,0.8101737556297773,0.6232105812536749,0.18696317437610246,1.5938080706082487,18.821146276612215,14,max_hold,0.64067
210,GE,Industrial,LONG,2024-10-04,185.19208171890938,2024-10-24,180.07805659956182,0.05,3.2664986179097277,-15.153880871787793,0.7853875788250553,0.7656875336916389,0.5889904105320299,0.17669712315960898,1.5510751125166942,-16.704955984304487,14,max_hold,0.604343
211,QQQ,Index,LONG,2024-10-07,482.79002983136,2024-10-25,491.20902260500935,0.05,1.2512998969820268,12.119099659804798,0.7843300199436002,0.8000848495013292,0.6154498842317917,0.1846349652695375,1.5844148694449294,10.534684790359869,14,max_hold,0.607188
212,ABBV,Health,LONG,2024-10-08,185.04013904213573,2024-10-28,180.05058739812128,0.05,3.2857054016305596,-14.834767115674277,0.7893574350145038,0.7700722377640843,0.5923632598185263,0.1777089779455579,1.5594296727785881,-16.394196788452867,14,max_hold,0.640894
213,CAT,Industrial,LONG,2024-10-08,386.60297111713595,2024-10-28,381.22277330476396,0.05,1.5726402272914826,-6.891359407722929,0.7893574350144676,0.780398667784421,0.6003066675264778,0.1800920002579433,1.5697561027988887,-8.461115510521818,14,max_hold,0.63189
214,ORCL,Tech,LONG,2024-10-08,168.31509207911708,2024-10-28,171.65808615669945,0.05,3.6121976755562044,13.672043963622857,0.7893574350145159,0.8071310921671707,0.6208700708978236,0.18626102126934707,1.5964885271816867,12.07555543644117,14,max_hold,0.622793
215,PEP,Consumer,LONG,2024-10-09,160.2743621019896,2024-10-29,159.6883115771907,0.05,3.774492290839337,-0.6420386342351552,0.7854196019425866,0.7845849517180667,0.6035268859369745,0.18105806578109232,1.5700045536606533,-2.2120431878958087,14,max_hold,0.601477
216,TMO,Health,LONG,2024-10-10,595.3965984589272,2024-10-30,544.456627954932,0.05,1.0200727849048776,-50.451009605622815,0.7885271409235904,0.7229408284362453,0.5561083295663426,0.16683249886990276,1.5114679693598356,-51.96247757498265,14,max_hold,0.604343
217,WMT,Consumer,LONG,2024-10-10,79.47588182685783,2024-10-30,80.54280787661118,0.05,7.641914154988889,9.743077564617638,0.7885271409236488,0.801193141757558,0.616302416736583,0.1848907250209749,1.5897202826812067,8.153357281936431,14,max_hold,0.604343
218,WFC,Finance,LONG,2024-10-11,58.138671172858274,2024-10-31,62.95863672741549,0.05,10.526460147730967,52.39440765132416,0.7945597989474859,0.8626725288941559,0.6635942529955046,0.19907827589865132,1.6572323278416419,50.73717532348252,14,max_hold,0.604343
219,AMZN,Tech,LONG,2024-10-14,190.02671277770997,2024-11-01,198.7413,0.05,3.205115940435513,29.551172883310475,0.790746969042407,0.8291634937906673,0.6378180721466672,0.19134542164400012,1.6199104628330745,27.9312624204774,14,max_hold,0.620261
220,COST,Consumer,LONG,2024-10-15,886.2229686836374,2024-11-04,874.4305146797935,0.05,0.6928399122579206,-6.584487618703671,0.7971775062647468,0.7886176723603839,0.6066289787387569,0.18198869362162706,1.5857951786251308,-8.170282797328802,14,max_hold,0.613609
221,JPM,Finance,LONG,2024-10-17,218.9188839213217,2024-11-06,228.79720661398656,0.05,2.8083088158993292,29.375952906761015,0.7981917319365748,0.8363804707152882,0.6433695928579141,0.1930108778573742,1.634572202651863,27.74138070410915,14,max_hold,0.63189
222,UNH,Health,LONG,2024-10-18,547.5714315621137,2024-11-07,576.8270105848501,0.05,1.1248853098201679,34.5534945453076,0.7997019647197328,0.8446215076286117,0.649708852022009,0.1949126556066027,1.6443234723483444,32.90917107295925,14,max_hold,0.622793
223,META,Tech,LONG,2024-10-21,574.5023982027253,2024-11-08,588.4392784775137,0.05,1.074706356544996,16.60284893642149,0.8016057055412956,0.8231894091586016,0.6332226224296935,0.18996678672890804,1.6247951146998973,14.978053821721595,14,max_hold,0.604343
224,SPY,Index,LONG,2024-10-22,573.1234871114723,2024-11-11,590.0912754865386,0.05,1.0785758438725381,19.932080297930085,0.8025609641274596,0.8284726685146998,0.6372866680882306,0.19118600042646916,1.6310336326421595,18.301046665287927,14,max_hold,0.613609
225,MA,Finance,LONG,2024-10-23,509.6284105581461,2024-11-12,524.6055322265223,0.05,1.2096150556657448,19.7429176588912,0.8003500026645883,0.8260157956210726,0.6353967658623636,0.19061902975870904,1.626365798285661,18.11655186060554,14,max_hold,0.640894
226,DIS,Industrial,LONG,2024-10-24,95.24554032630027,2024-11-13,99.1187410015988,0.05,6.455761357099805,26.63570450380206,0.7983094200310517,0.8329358358859089,0.6407198737583915,0.1922159621275174,1.6312452559169606,25.004459247885098,14,max_hold,0.638383
227,MSFT,Tech,LONG,2024-10-28,427.2238956878418,2024-11-15,414.4266665528855,0.05,1.432269061799302,-16.761992615035616,0.794436671059249,0.7726460806596651,0.5943431389689732,0.1783029416906919,1.567082751718914,-18.32907536675453,14,max_hold,0.625602
228,CVX,Energy,LONG,2024-10-29,140.75241990464673,2024-11-18,151.76262678499958,0.05,4.33680779331219,49.398390482361805,0.7925107850205757,0.8567286926475717,0.6590220712673629,0.19770662138020884,1.6492394776681474,47.74915100469366,14,max_hold,0.716175
229,ISRG,Health,LONG,2024-10-29,507.1784649993897,2024-11-18,526.6744173706054,0.05,1.2035530561628958,25.08204128289182,0.7925107850205506,0.8251174386882609,0.634705722067893,0.1904117166203679,1.6176282237088115,23.464413059183006,14,max_hold,0.684344
230,JNJ,Health,LONG,2024-10-30,152.8694178451443,2024-11-19,147.2131596627302,0.05,4.003447823436828,-21.082795714799424,0.7945732144062222,0.7671655799768899,0.5901273692129922,0.17703821076389767,1.5617387943831122,-22.644534509182535,14,max_hold,0.613609
231,V,Finance,LONG,2024-10-31,289.25950132993773,2024-11-20,308.6216375210857,0.05,2.115566105309285,42.60626525102714,0.7944990269130756,0.8498871717393154,0.6537593628763965,0.1961278088629189,1.6443861986523909,40.96187905237475,14,max_hold,0.600179
232,AAPL,Tech,LONG,2024-11-01,219.8133209623303,2024-11-21,227.34057491957353,0.05,2.782881872411392,22.565186134150018,0.7941964027632953,0.8235311447376036,0.6334854959520028,0.19004564878560082,1.6177275475008988,20.94745858664912,14,max_hold,0.622793
233,GE,Industrial,LONG,2024-11-01,171.47486669362732,2024-11-21,176.62304014328652,0.05,3.567371230639655,19.979812416324837,0.7941964027632982,0.8201701589044308,0.6309001222341776,0.18927003667025327,1.614366561667729,18.365445854657107,14,max_hold,0.603762
234,PG,Consumer,LONG,2024-11-04,160.5245318950227,2024-11-22,168.25219258311185,0.05,3.786669455508699,30.88060829269311,0.7891834058950616,0.8293281966755662,0.6379447666735125,0.1913834300020537,1.6185116025706279,29.262096690122483,14,max_hold,0.641708
235,QQQ,Index,LONG,2024-11-04,484.2123548650383,2024-11-22,500.41533791367226,0.05,1.2553445521978426,21.94722470336116,0.7891834058950897,0.8177147980094346,0.6290113830841805,0.1887034149252541,1.6068982039045243,20.340326499456637,14,max_hold,0.638809
236,CAT,Industrial,LONG,2024-11-04,372.08885319677,2024-11-22,383.15645769041896,0.05,1.6336241641328237,19.68426249292093,0.789183405895089,0.8147729471358623,0.6267484208737403,0.18802452626212204,1.6039563530309513,18.080306139889977,14,max_hold,0.622793
237,XOM,Energy,LONG,2024-11-04,110.45652081089983,2024-11-22,116.57752811021201,0.05,5.503100562323085,35.3087869456481,0.7891834058950772,0.8350848289244076,0.6423729453264674,0.19271188359794023,1.6242682348194848,33.68451871082862,14,max_hold,0.603443
238,PEP,Consumer,LONG,2024-11-05,157.0287464366363,2024-11-25,153.55369544149977,0.05,3.88160916355694,-11.921582385859493,0.7913527288959208,0.7758546717942167,0.5968112859955513,0.17904338579866538,1.5672074006901375,-13.48878978654963,14,max_hold,0.613609
239,WFC,Finance,LONG,2024-11-06,71.07346509090318,2024-11-26,75.38262404641196,0.05,8.560196326991946,38.517112496479406,0.7898967934316331,0.8399690396770237,0.6461300305207875,0.19383900915623622,1.6298658331086568,36.887246663370746,14,max_hold,0.619864
240,ABBV,Health,LONG,2024-11-07,193.82144827047728,2024-11-27,173.39765443213062,0.05,3.1541298071330717,-62.91366951151348,0.7937075895607142,0.7119198191957006,0.5476306301505389,0.16428918904516165,1.5056274087564148,-64.4192969202699,14,max_hold,0.613609
241,PYPL,Tech,LONG,2024-11-08,81.13212489170031,2024-11-29,85.81886941419371,0.05,7.705216179895156,37.78475513533537,0.8116276139541534,0.8607477956300406,0.662113688946185,0.19863410668385548,1.6723754095841938,36.112379725751175,14,max_hold,0.622793
242,BRK-B,Finance,LONG,2024-11-12,468.29799944458017,2024-12-03,477.53839565734864,0.05,1.342027339447912,14.05102788223653,0.8159486005617244,0.8342149368085839,0.6417037975450646,0.19251113926351934,1.6501635373703083,12.400864344866221,14,max_hold,0.604343
243,HD,Consumer,LONG,2024-11-14,393.8716972157411,2024-12-05,412.9213181891466,0.05,1.5870710417907388,31.897724892044973,0.8115780228520122,0.8530450652116454,0.6561885117012657,0.19685655351037967,1.6646230880636574,30.233101803981317,14,max_hold,0.622793
244,ORCL,Tech,LONG,2024-11-15,182.4579892662564,2024-12-06,184.43013121721816,0.05,3.435583091220927,8.414088770055507,0.8138464572213393,0.8247847726224002,0.634449825094154,0.1903349475282462,1.6386312298437395,6.775457540211767,14,max_hold,0.667914
245,GILD,Health,LONG,2024-11-18,85.38026644515814,2024-12-09,88.5017117254217,0.05,7.327163562184093,24.527661773590687,0.8122178471931472,0.8441038074988083,0.6493106211529295,0.1947931863458788,1.6563216546919555,22.871340118898733,14,max_hold,0.658602
246,GS,Finance,LONG,2024-11-20,567.0886192692041,2024-12-11,574.5422007600633,0.05,1.100727302235163,9.837988749107538,0.8104193586551411,0.8232087440289788,0.6332374954069068,0.18997124862207204,1.63362810268412,8.204360646423417,14,max_hold,0.622793
247,UNH,Health,LONG,2024-11-21,579.5941572226589,2024-12-12,514.0837933113961,0.05,1.0743281759109298,-68.8522863754915,0.8084256804224326,0.7189177081342591,0.5530136216417378,0.1659040864925213,1.5273433885566918,-70.37962976404819,14,max_hold,0.688532
248,GOOGL,Tech,LONG,2024-11-21,173.1263344784289,2024-12-12,193.85029981476583,0.05,3.59664712808458,76.25277037178876,0.8084256804224298,0.9075542819057235,0.6981186783890181,0.2094356035167054,1.7159799623281533,74.53679040946061,14,max_hold,0.646062
249,SPY,Index,LONG,2024-11-21,585.3050137103178,2024-12-12,596.7516495332706,0.05,1.0638458907953743,13.812263787447966,0.8084256804224889,0.8263816233460806,0.6356781718046773,0.19070345154140317,1.6348073037685693,12.177456483679396,14,max_hold,0.629171
250,DIS,Industrial,LONG,2024-11-22,112.25367381993374,2024-12-13,112.4243940607173,0.05,5.561975200138715,2.5740960896598035,0.8106040096716614,0.8139503345881961,0.6261156419909201,0.187834692597276,1.6245543442598573,0.9495417453999462,14,max_hold,0.693962
251,KO,Consumer,LONG,2024-11-25,62.08704654521324,2024-12-16,61.33811970328578,0.05,10.124935959848264,-5.958272907278588,0.8161545803139666,0.8084088255344528,0.6218529427188099,0.18655588281564295,1.6245634058484195,-7.582836313127007,14,max_hold,0.613609
266,LLY,Health,LONG,2024-12-12,790.5399186912501,2024-12-16,783.8061300939833,0.05,0.7939180342351987,-3.721210258608062,0.8148517604128517,0.8100141870766272,0.6230878362127902,0.18692635086383702,1.6248659474894789,-5.346076206097541,2,signal,0.629171
252,CVX,Energy,LONG,2024-11-26,153.8161144727655,2024-12-17,139.8908136106214,0.05,4.107797575316973,-55.633975949349015,0.820332668230073,0.7480084994958225,0.575391153458325,0.1726173460374975,1.5683411677258956,-57.20231711707491,14,max_hold,0.627155
253,COST,Consumer,LONG,2024-11-26,958.9324723614972,2024-12-17,986.2072983878771,0.05,0.6589050640029968,19.63771535500399,0.8203326682300313,0.8458616981914817,0.6506628447626782,0.19519885342880344,1.666194366421513,17.971520988582476,14,max_hold,0.613609
254,NFLX,Tech,LONG,2024-11-29,88.3316849723816,2024-12-19,90.69993739242555,0.05,7.207003658303875,18.74540155930827,0.8265143411186974,0.8508833631457758,0.6545256639582892,0.19635769918748672,1.6773977042644732,17.0680038550438,14,max_hold,0.604343
255,GE,Industrial,LONG,2024-12-02,179.45508184508827,2024-12-20,162.32766454085444,0.05,3.542245426098124,-59.09573359744955,0.8253032315116535,0.7484787778349274,0.5757529060268672,0.17272587180806018,1.5737820093465809,-60.66951560679613,14,max_hold,0.640894
256,CAT,Industrial,LONG,2024-12-02,400.98208819816125,2024-12-20,351.8843826720122,0.05,1.5852926142219224,-76.28279111126841,0.8253032315116199,0.726135603066963,0.5585658485130485,0.1675697545539145,1.5514388345785828,-77.83422994584699,14,max_hold,0.613609
257,XOM,Energy,LONG,2024-12-02,113.26388466227843,2024-12-20,100.91201302404183,0.05,5.612326866160669,-67.76022286935023,0.8253032315116292,0.7372149417814566,0.5670884167549667,0.17012652502649,1.562518173293086,-69.32274104264332,14,max_hold,0.600989
258,WFC,Finance,LONG,2024-12-03,73.93076186549025,2024-12-23,67.8151857697289,0.05,8.62066822739413,-51.13191073058689,0.827456647151902,0.760985163202075,0.5853732024631346,0.1756119607389404,1.588441810353977,-52.720352540940866,14,max_hold,0.660619
259,BAC,Finance,LONG,2024-12-03,45.842293506499004,2024-12-23,42.60960209986073,0.05,13.902719979542901,-43.34463814204756,0.8274566471518968,0.7711086175671762,0.593160475051674,0.1779481425155022,1.5985652647190731,-44.94320340676663,14,max_hold,0.658602
260,QQQ,Index,LONG,2024-12-04,517.5330162966744,2024-12-24,521.5028123267069,0.05,1.2290496671865498,6.539222171969422,0.8258223468179763,0.8343233356414195,0.6417871812626303,0.1925361543787891,1.6601456824593956,4.879076489510027,14,max_hold,0.613609
261,TXN,Tech,LONG,2024-12-06,186.59604130244955,2024-12-27,183.01704170871483,0.05,3.4001095579623435,-10.535266062017833,0.8237102552317864,0.8100144093510889,0.6230880071931454,0.18692640215794357,1.6337246645828754,-12.168990726600708,14,max_hold,0.711672
262,ABBV,Health,LONG,2024-12-09,168.52244685770933,2024-12-30,169.45377018492314,0.05,3.7480156743120694,5.1373853171577615,0.820046143997829,0.8267247449100604,0.6359421114692773,0.19078263344078314,1.6467708889078896,3.490614428249872,14,max_hold,0.674172
263,WMT,Consumer,LONG,2024-12-09,94.66645950100876,2024-12-30,89.75293674881785,0.05,6.672107266136711,-31.183997766321625,0.8200461439978379,0.7795069469015372,0.5996207283857978,0.17988621851573933,1.5995530908993751,-32.783550857221,14,max_hold,0.613609
264,V,Finance,LONG,2024-12-11,310.59589385753895,2024-12-31,312.7582292907715,0.05,2.0205515251695756,6.006495170045529,0.8147882843891358,0.8225967281101887,0.6327667139309143,0.18983001417927428,1.6373850124993243,4.369110157546205,13,backtest_end,0.613609
265,MU,Tech,LONG,2024-12-12,101.0688435125544,2024-12-31,83.77603544769288,0.05,6.2098652405560575,-105.89396634901908,0.8148517604128613,0.677189604159093,0.5209150801223792,0.15627452403671374,1.4920413645719544,-107.38600771359104,12,backtest_end,0.658602
267,GILD,Health,LONG,2024-12-16,89.57534089036521,2024-12-31,89.7410643951416,0.05,6.968482494407165,2.779278239476022,0.8104119179093255,0.8140249796206204,0.626173061246631,0.1878519183739893,1.624436897529946,1.154841341946076,10,backtest_end,0.613609
268,BA,Industrial,LONG,2024-12-18,173.50526277771,2024-12-31,176.7699,0.05,3.606572925138701,13.416455684070808,0.8124310376852177,0.829872430074415,0.63836340774955,0.191509022324865,1.6423034677596329,11.774152216311176,8,backtest_end,0.605738
269,HD,Consumer,LONG,2024-12-19,383.0776044238224,2024-12-31,376.5172146972656,0.05,1.6330620093622437,-9.100933535528236,0.8122104535591155,0.8003792399628411,0.6156763384329548,0.18470290152988642,1.6125896935219566,-10.713523229050192,7,backtest_end,0.640894
270,AAPL,Tech,LONG,2024-12-19,246.47532682695743,2024-12-31,248.7356861984253,0.05,2.538142419672087,7.371117364117394,0.8122104535590882,0.8217929061323807,0.6321483893326005,0.18964451679978012,1.634003359691469,5.737114004425925,7,backtest_end,0.613609
271,BRK-B,Finance,LONG,2024-12-23,453.7791494445802,2024-12-31,452.6907347808838,0.05,1.3445284473354855,0.12100263644988532,0.7921249054297281,0.7922822088570463,0.6094478529669588,0.18283435589008762,1.5844071142867744,-1.463404477836889,5,backtest_end,0.610039
272,COST,Consumer,LONG,2024-12-24,945.7421435483187,2024-12-31,909.0866075500488,0.05,0.6500207047452605,-22.25951474142859,0.7981399850729849,0.7692026159090909,0.5916943199300699,0.17750829597902096,1.5673426009820757,-23.826857342410666,4,backtest_end,0.613609
273,JPM,Finance,LONG,2024-12-26,235.66942110795162,2024-12-31,233.38289858551025,0.05,2.6132791291099458,-4.381834962666719,0.7995915044603151,0.7938951190088176,0.6106885530837058,0.18320656592511173,1.5934866234691327,-5.975321586135852,3,backtest_end,0.604343
274,META,Tech,LONG,2024-12-27,598.3025770973666,2024-12-31,582.9107852416992,0.05,1.0351814646564195,-14.34372064567707,0.8041119139994103,0.7854650771599916,0.6042039055076858,0.1812611716523057,1.5895769911594018,-15.933297636836471,2,backtest_end,0.604343
275,GE,Industrial,LONG,2024-12-30,166.22660983338096,2024-12-31,165.38841392211913,0.05,3.7279930289780077,-1.517655033014543,0.8045532163151867,0.8025802647722102,0.6173694344401617,0.1852108303320485,1.607133481087397,-3.1247885141019403,1,backtest_end,0.684344
276,ISRG,Health,LONG,2024-12-30,529.1169516662598,2024-12-31,521.2814739440918,0.05,1.1711808528114622,-7.577505805751113,0.8045532163151127,0.7947024587676526,0.611309583667425,0.18339287510022753,1.5992556750827651,-9.176761480833878,1,backtest_end,0.604343
277,QQQ,Index,LONG,2024-12-31,514.9603421138232,2024-12-31,507.9891146392822,0.05,1.1982067744583862,-6.759566950240438,0.8010962365401865,0.7923087995048338,0.6094683073114107,0.18284049219342316,1.5934050360450203,-8.352971986285459,0,backtest_end,0.622793
278,PG,Consumer,LONG,2024-12-31,162.11311815610995,2024-12-31,161.9723436264038,0.05,3.806163113240541,1.0677697515060398,0.8010962365402289,0.802484337217104,0.617295644013157,0.18518869320394707,1.6035805737573328,-0.535810822251293,0,backtest_end,0.604343
