entry_date,ticker,sizing_position_pct,dd_scalar,overlay_multiplier,fatigue_mult,congestion_mult,final_position_pct,blocked,block_reason,original_pct,scale_factor,phase1_net_pnl,phase3_scaled_pnl
2024-01-03,NVDA,0.037046937955536235,1.0,1.0,1.0,1.0,0.037046937955536235,False,,0.05,0.7409387591107247,77.81553992906038,57.65654959456905
2024-01-03,KO,0.08435002694126947,1.0,0.85,0.85,1.0,0.07169752290007905,False,,0.05,1.433950458001581,-2.380061427738809,-3.4128901743779614
2024-01-03,WFC,0.05316966509774914,1.0,0.7225,0.7225,1.0,0.038415083033123756,False,,0.05,0.7683016606624751,1.5461616565311442,1.1879185683655216
2024-01-03,PEP,0.08065173956205886,1.0,0.614125,0.614125,1.0,0.0495302495585494,False,,0.05,0.990604991170988,-22.2722692787465,-22.063021112230544
2024-01-03,GILD,0.05638158241909809,1.0,0.52200625,0.52200625,1.0,0.029431538407659323,False,,0.05,0.5886307681531864,-25.681924759613175,-15.11717109890344
2024-01-03,ISRG,0.04913530422155715,1.0,0.4437053125,0.4437053125,1.0,0.021801595514408585,False,,0.05,0.4360319102881717,83.56151107870728,36.43548530221496
2024-01-03,MS,0.0622308290061108,1.0,0.377149515625,0.377149515625,1.0,0.023470327016596886,False,,0.05,0.4694065403319377,-32.76142304206363,-15.378426246526116
2024-01-03,NFLX,0.05544005543750214,1.0,0.32057708828125,0.32057708828125,1.0,0.017772811546305518,False,,0.05,0.35545623092611034,73.86127098933827,26.254448997282235
2024-01-03,MSFT,0.069599323517058,1.0,0.27249052503906246,0.27249052503906246,1.0,0.0189651562075267,False,,0.05,0.379303124150534,42.66463391451084,16.182828934512788
2024-01-04,AMGN,0.06662642411603463,1.0,0.23161694628320306,0.23161694628320306,1.0,0.015431808895525497,False,,0.05,0.30863617791050996,10.651938957533426,3.2875737271891783
2024-01-04,COST,0.06895302037336809,1.0,0.19687440434072256,0.19687440434072256,1.0,0.01357508481350055,False,,0.05,0.271501696270011,33.226885039223106,9.021155649917723
2024-01-05,QQQ,0.09486027760259867,1.0,0.16734324368961417,0.16734324368961417,1.0,0.01587422655131612,False,,0.05,0.31748453102632235,33.825105591634625,10.738947785675952
2024-01-05,GS,0.05206688630210951,1.0,0.14224175713617204,0.14224175713617204,1.0,0.007406085396221344,False,,0.05,0.14812170792442686,-5.5542053293533975,-0.822698379546779
2024-01-10,DIS,0.059156747135582825,1.0,0.1209054935657462,0.1209054935657462,1.0,0.007152375710171684,False,,0.05,0.14304751420343367,35.77237077426229,5.117148716421781
2024-01-12,CAT,0.053974039938321096,1.0,0.10276966953088429,0.10276966953088429,1.0,0.00554689424770801,False,,0.05,0.11093788495416018,21.270325888909152,2.3596849664012987
2024-01-17,ADBE,0.05606507665839299,1.0,0.08735421910125163,0.08735421910125163,1.0,0.00489752099034573,False,,0.05,0.09795041980691459,27.510438189425063,2.69465896972636
2024-01-24,HD,0.05657244564950501,1.0,0.07425108623606391,0.07425108623606391,1.0,0.0042005655405064355,False,,0.05,0.0840113108101287,8.128620076023743,0.6828960276642827
2024-01-24,UNH,0.04978350642098581,1.0,0.06311342330065428,0.06311342330065428,1.0,0.003142007514138518,False,,0.05,0.06284015028277035,2.7075640833027723,0.17014373389497753
2024-01-24,PG,0.06987144334518501,1.0,0.05364640980555613,0.05364640980555613,1.0,0.0037483520834014927,False,,0.05,0.07496704166802985,11.319900085981018,0.8486194214236737
2024-01-25,QCOM,0.04664575134156906,1.0,0.045599448334722736,0.045599448334722736,1.0,0.0021270205283342018,False,,0.05,0.042540410566684034,-21.826707344225923,-0.9285170917422285
2024-01-25,TXN,0.040822089107247994,1.0,0.038759531084514354,0.038759531084514354,1.0,0.0015822450316871934,False,,0.05,0.031644900633743867,-37.24456252644176,-1.17860048029651
2024-01-26,LLY,0.05297497353624793,1.0,0.03294560142183722,0.03294560142183722,1.0,0.001745292363457599,False,,0.05,0.034905847269151975,94.95139484770873,3.3143588865470646
2024-01-26,WMT,0.08010457175594612,1.0,0.02800376120856163,0.02800376120856163,1.0,0.0022432292991676054,False,,0.05,0.04486458598335211,19.876946516754572,0.8917709760874266
2024-01-29,TMO,0.046255276136378004,1.0,0.0238031970272774,0.0238031970272774,1.0,0.0011010234514253281,False,,0.05,0.022020469028506563,-4.76930153312756,-0.1050222566978443
2024-01-31,MS,0.053897423705276934,1.0,0.02023271747318578,0.02023271747318578,1.0,0.0010904913463614541,False,,0.05,0.021809826927229083,-17.222868686723483,-0.3756277852478324
2024-01-31,BRK-B,0.08129722863362063,1.0,0.017197809852207868,0.017197809852207868,1.0,0.0013981342795524765,False,,0.05,0.02796268559104953,27.657858031094285,0.7733879882453737
2024-02-01,AXP,0.053100392980286015,1.0,0.014618138374376644,0.014618138374376644,1.0,0.0007762288923195992,False,,0.05,0.015524577846391984,29.83178782050814,0.4631259123165269
2024-02-01,QQQ,0.07871082526956596,1.0,0.012425417618220136,0.012425417618220136,1.0,0.0009780148750491117,False,,0.05,0.019560297500982232,17.977901908839023,0.3516531097803676
2024-02-07,INTC,0.03716900181845406,1.0,0.010561604975487082,0.010561604975487082,1.0,0.0003925643145396728,False,,0.05,0.007851286290793456,-6.7812578121362375,-0.05324159649476127
2024-02-07,DIS,0.05056218639815307,1.0,0.008977364229164064,0.008977364229164064,1.0,0.00045391516351910515,False,,0.05,0.009078303270382103,59.21419921885107,0.5375644584215531
2024-02-08,CAT,0.04534590929019315,1.0,0.007630759594789427,0.007630759594789427,1.0,0.0003460237324005924,False,,0.05,0.006920474648011848,8.77500613284276,0.06072720747848681
2024-02-12,CVX,0.1,1.0,0.006486145655571041,0.006486145655571041,1.0,0.0006486145655571041,False,,0.05,0.012972291311142081,7.454309656535245,0.09669947638803467
2024-02-14,GILD,0.0559119077002208,1.0,0.005513223807235401,0.005513223807235401,1.0,0.0003082548606408057,False,,0.05,0.006165097212816113,-3.0332835721744824,-0.018700488096493804
2024-02-15,ORCL,0.05127265661573574,1.0,0.004686240236150052,0.004686240236150052,1.0,0.000240275986446966,False,,0.05,0.00480551972893932,-2.783771540468306,-0.013377469058580246
2024-02-15,CSCO,0.055103544992636894,1.0,0.0039833042007275665,0.0039833042007275665,1.0,0.00021949418224415101,False,,0.05,0.00438988364488302,11.439259727853628,0.05021701918887363
2024-02-15,MRK,0.07307225508369232,1.0,0.0033858085706184315,0.0033858085706184315,1.0,0.0002474086675367817,False,,0.05,0.004948173350735634,-12.211492356399804,-0.0604245810506494
2024-02-16,ISRG,0.051006846317781206,1.0,0.0028779372850256113,0.0028779372850256113,1.0,0.00014679450480951383,False,,0.05,0.0029358900961902763,17.771045271892685,0.05217383581269877
2024-02-16,XOM,0.04702822255515002,1.0,0.0024462466922717807,0.0024462466922717807,1.0,0.00011504263386895688,False,,0.05,0.0023008526773791375,14.95636836026364,0.03441240018558122
2024-02-21,V,0.08193003292889539,1.0,0.0020793096884310636,0.0020793096884310636,1.0,0.00017035791124252826,False,,0.05,0.0034071582248505652,11.46168595660555,0.03905177757770282
2024-02-21,HD,0.055839010544246157,1.0,0.0017674132351663818,0.0017674132351663818,1.0,9.869060627449581e-05,False,,0.05,0.001973812125489916,19.33069019062032,0.03815515069233536
2024-02-22,SPY,0.09962594767055462,1.0,0.001502301249891369,0.001502301249891369,1.0,0.00014966818570708634,False,,0.05,0.0029933637141417264,12.29235786987022,0.036795498008914
2024-02-22,GE,0.058600321112649505,1.0,0.0012769560624076304,0.0012769560624076304,1.0,7.483003530383164e-05,False,,0.05,0.0014966007060766325,53.55735358130362,0.08015397318537487
2024-02-23,GS,0.049240645644645524,1.0,0.0010854126530465136,0.0010854126530465136,1.0,5.344641982687795e-05,False,,0.05,0.0010689283965375589,8.382199629239164,0.00895997120914034
2024-02-26,KO,0.08292996409228263,1.0,0.0009226007550895421,0.0009226007550895421,1.0,7.651124749108858e-05,False,,0.05,0.0015302249498217715,-7.785126728066172,-0.01191299515681119
2024-02-28,PEP,0.07629619049650493,1.0,0.0007842106418260997,0.0007842106418260997,1.0,5.98322845181505e-05,False,,0.05,0.00119664569036301,12.135376364814292,0.014521745827888151
2024-02-28,MU,0.036784078141972286,1.0,0.0006665790455522291,0.0006665790455522291,1.0,2.45194956993945e-05,False,,0.05,0.00049038991398789,11.04518459422584,0.005416447123142778
2024-02-28,MS,0.0525838300254517,1.0,0.0005665921887193504,0.0005665921887193504,1.0,2.979358734536697e-05,False,,0.05,0.0005958717469073394,14.569446978691488,0.008681521822666753
2024-03-06,AMGN,0.04457140440840785,1.0,0.00048160336041147556,0.00048160336041147556,1.0,2.146573814134808e-05,False,,0.05,0.00042931476282696157,11.765350454126835,0.005051038639789547
2024-03-07,NFLX,0.06925286477956497,1.0,0.00040936285634973757,0.00040936285634973757,1.0,2.8349550536564852e-05,False,,0.05,0.000566991010731297,24.924138914973884,0.014131762715008295
2024-03-07,TMO,0.05795945843791334,1.0,0.00034795842789725473,0.00034795842789725473,1.0,2.0167482039832602e-05,False,,0.05,0.000403349640796652,-21.1248896879613,-0.008520716667508088
2024-03-07,QQQ,0.06940849767625926,1.0,0.00029576466371261656,0.00029576466371261656,1.0,2.0528580974016746e-05,False,,0.05,0.0004105716194803349,4.15427635637637,0.001705627971406311
2024-03-08,TXN,0.048320973816559705,1.0,0.0002513999641556852,0.0002513999641556852,1.0,1.2147891085450915e-05,False,,0.05,0.0002429578217090183,-7.390140259010918,-0.001795492379453413
2024-03-11,ABBV,0.0670049587553644,1.0,0.00021368996953230468,0.00021368996953230468,1.0,1.4318287594947151e-05,False,,0.05,0.000286365751898943,9.020352525499224,0.002583120033358115
2024-03-12,COST,0.056146526211806914,1.0,0.00018163647410240902,0.00018163647410240902,1.0,1.0198257054211096e-05,False,,0.05,0.0002039651410842219,0.7848766400169596,0.0001600874746147692
2024-03-13,JPM,0.07471262320827471,1.0,0.00015439100298708652,0.00015439100298708652,1.0,1.153495683292181e-05,False,,0.05,0.0002306991366584362,22.958319412025716,0.00529646446748295
2024-03-15,MA,0.07458515032450433,1.0,0.00013123235253897914,0.00013123235253897914,1.0,9.787984741558106e-06,False,,0.05,0.0001957596948311621,-0.648964592212572,-0.00012704111052776266
2024-03-18,CVX,0.059933322208035184,1.0,0.00011154749965813782,0.00011154749965813782,1.0,6.685412238511868e-06,False,,0.05,0.00013370824477023735,17.86183609687464,0.002388274752886775
2024-03-19,QCOM,0.03938668016648656,1.0,9.4815374709456e-05,9.4815374709456e-05,1.0,3.734462838546922e-06,False,,0.05,7.468925677093843e-05,28.09418229371079,0.0020983335951045173
2024-03-20,PG,0.1,1.0,8.059306850305425e-05,8.059306850305425e-05,1.0,8.059306850305426e-06,False,,0.05,0.0001611861370061085,-22.40665079649652,-0.0036116414851321186
2024-03-20,HD,0.0575074131492442,1.0,6.850410822756281e-05,6.850410822756281e-05,1.0,3.9394940542629935e-06,False,,0.05,7.878988108525987e-05,-40.26014543197552,-0.0031720920710606197
2024-03-21,GE,0.04540462790970893,1.0,5.822849199343949e-05,5.822849199343949e-05,1.0,2.643843012705586e-06,False,,0.05,5.287686025411171e-05,66.66406039284192,0.0035249862053639658
2024-03-21,WFC,0.0615299822116881,1.0,4.949421819444577e-05,4.949421819444577e-05,1.0,3.0453783650856578e-06,False,,0.05,6.090756730171315e-05,-7.06746914085398,-0.00043046235234934463
2024-03-26,PFE,0.052796240029180826,1.0,4.207008546530666e-05,4.207008546530666e-05,1.0,2.221142330274482e-06,False,,0.05,4.442284660548964e-05,-33.417283975424354,-0.001484490880012363
2024-03-26,CAT,0.057447734985594745,1.0,3.575957264545515e-05,3.575957264545515e-05,1.0,2.0543064525342305e-06,False,,0.05,4.108612905068461e-05,8.51809142994093,0.0003499754037560836
2024-03-27,ISRG,0.05133373323044619,1.0,3.0395636748670185e-05,3.0395636748670185e-05,1.0,1.5603215082257821e-06,False,,0.05,3.120643016451564e-05,-33.484244185127736,-0.0010449237277747776
2024-03-27,MSFT,0.055742707697882164,1.0,2.583629123642517e-05,2.583629123642517e-05,1.0,1.4401848303894027e-06,False,,0.05,2.8803696607788053e-05,-10.490879527208584,-0.000302176111050571
2024-03-28,GOOGL,0.05738310673853945,1.0,2.1960847550905882e-05,2.1960847550905882e-05,1.0,1.2601816590824249e-06,False,,0.05,2.5203633181648496e-05,14.552194953661086,0.00036676818359991035
2024-04-01,LLY,0.055122685176883804,1.0,1.8666720418281102e-05,1.8666720418281102e-05,1.0,1.028959752901818e-06,False,,0.05,2.0579195058036357e-05,-20.122563319160253,-0.00041410615561268633
2024-04-02,PEP,0.0783885844568275,1.0,1.5866712355538937e-05,1.5866712355538937e-05,1.0,1.2437691215343524e-06,False,,0.05,2.4875382430687048e-05,3.190940828402264,7.937587342019965e-05
2024-04-03,AXP,0.0643122646708963,1.0,1.3486705502163687e-05,1.3486705502163687e-05,1.0,8.673605737935845e-07,False,,0.05,1.7347211475871687e-05,21.730863223010918,0.000376969879882813
2024-04-03,SPY,0.1,1.0,1.1463699676861339e-05,1.1463699676861339e-05,1.0,1.146369967686134e-06,False,,0.05,2.2927399353722677e-05,-18.007143692916095,-0.00041285697466735585
2024-04-05,QQQ,0.0880041721963391,1.0,9.744144725321036e-06,9.744144725321036e-06,1.0,8.575253903132018e-07,False,,0.05,1.7150507806264036e-05,-23.03968934338048,-0.00039514237193754524
2024-04-08,BRK-B,0.08302247192674349,1.0,8.282523016545085e-06,8.282523016545085e-06,1.0,6.876355346237211e-07,False,,0.05,1.3752710692474422e-05,-19.775454644744773,-0.00027196610654132443
2024-04-09,NFLX,0.04262664710227814,1.0,7.040144564096629e-06,7.040144564096629e-06,1.0,3.0009775788276875e-07,False,,0.05,6.001955157655375e-06,-63.650434540153,-0.00038202705387527713
2024-04-11,BAC,0.05438543028766807,1.0,5.984122879443277e-06,5.984122879443277e-06,1.0,3.2544909769280185e-07,False,,0.05,6.508981953856037e-06,5.341680012719035,3.4768898806061685e-05
2024-04-12,XOM,0.0783169364440525,1.0,5.086504447526785e-06,5.086504447526785e-06,1.0,3.9835944553934566e-07,False,,0.05,7.967188910786913e-06,-30.60667384195033,-0.00024384915242965852
2024-04-12,KO,0.1,1.0,4.323528780436625e-06,4.323528780436625e-06,1.0,4.323528780436625e-07,False,,0.05,8.64705756087325e-06,28.01557447485561,0.00024225228508500786
2024-04-15,DIS,0.054234154143178136,1.0,3.674999463409989e-06,3.674999463409989e-06,1.0,1.993104873746743e-07,False,,0.05,3.9862097474934856e-06,-7.68092528582606,-3.061777924412903e-05
2024-04-16,ABBV,0.0531310263487085,1.0,3.1237495439206953e-06,3.1237495439206953e-06,1.0,1.659680193248166e-07,False,,0.05,3.319360386496332e-06,5.944345449539229,1.9731424808850248e-05
2024-04-16,HD,0.04937870232757963,1.0,2.655187112288182e-06,2.655187112288182e-06,1.0,1.311096940417039e-07,False,,0.05,2.622193880834078e-06,13.145854929107156,3.4470980353437285e-05
2024-04-19,CSCO,0.06078677499318901,1.0,2.2569090454283014e-06,2.2569090454283014e-06,1.0,1.3719022232454315e-07,False,,0.05,2.743804446490863e-06,-5.639863536357453,-1.547468264865926e-05
2024-04-22,QCOM,0.04028515488320654,1.0,1.9183726885918517e-06,1.9183726885918517e-06,1.0,7.72819408836361e-08,False,,0.05,1.5456388176727218e-06,78.8846917625886,0.00012192724170840454
2024-04-22,PG,0.07961689189078508,1.0,1.6306167852642162e-06,1.6306167852642162e-06,1.0,1.2982464030768062e-07,False,,0.05,2.5964928061536124e-06,24.21860839139419,6.288344246330653e-05
2024-04-22,TMO,0.051971088111807166,1.0,1.3860242674690326e-06,1.3860242674690326e-06,1.0,7.203318932973607e-08,False,,0.05,1.4406637865947215e-06,28.5268003385494,4.109752819516616e-05
2024-04-24,CAT,0.04239835075242446,1.0,1.1781206273875355e-06,1.1781206273875355e-06,1.0,4.995037158864309e-08,False,,0.05,9.990074317728617e-07,-10.524659214905109,-1.0514212772566936e-05
2024-04-24,MA,0.06338692397467084,1.0,1.0014025332294452e-06,1.0014025332294452e-06,1.0,6.347582624185763e-08,False,,0.05,1.2695165248371524e-06,-9.842501285648078,-1.2495218027861153e-05
2024-04-24,CVX,0.0705083284947736,1.0,8.511921532061706e-07,8.511921532061706e-07,1.0,6.001613595043434e-08,False,,0.05,1.2003227190086866e-06,6.720543696596939,8.066821283115929e-06
2024-04-24,AMGN,0.05447433063498824,1.0,7.235133302474495e-07,7.235133302474495e-07,1.0,3.9412904370720996e-08,False,,0.05,7.882580874144199e-07,73.7426378807119,5.8128230696744114e-05
2024-04-26,V,0.06251899487824131,1.0,6.149863307491898e-07,6.149863307491898e-07,1.0,3.8448327262297016e-08,False,,0.05,7.689665452459403e-07,12.769564942738514,9.819368238311309e-06
2024-04-29,TXN,0.0461495243495673,1.0,5.227383811368114e-07,5.227383811368114e-07,1.0,2.412412764872667e-08,False,,0.05,4.824825529745334e-07,55.61119897424732,2.6831433255069602e-05
2024-05-01,QQQ,0.05623445035671906,1.0,4.4432762391632963e-07,4.4432762391632963e-07,1.0,2.4986519709241776e-08,False,,0.05,4.997303941848355e-07,36.42329432625508,1.8201827231169735e-05
2024-05-01,JPM,0.051593713744147666,1.0,3.776784803788402e-07,3.776784803788402e-07,1.0,1.9485835403990574e-08,False,,0.05,3.8971670807981146e-07,11.776701278450272,4.589577254276947e-06
2024-05-02,PEP,0.052806361979387914,1.0,3.210267083275653e-07,3.210267083275653e-07,1.0,1.6952252564996797e-08,False,,0.05,3.390450512999359e-07,13.319925555296027,4.516054843206669e-06
2024-05-06,ISRG,0.04351354172077994,1.0,2.7287270210063497e-07,2.7287270210063497e-07,1.0,1.1873657707317936e-08,False,,0.05,2.374731541463587e-07,19.45257187394481,4.619463599164417e-06
2024-05-09,XOM,0.04917573979128757,1.0,2.3194179676888638e-07,2.3194179676888638e-07,1.0,1.1405909444630461e-08,False,,0.05,2.2811818889260922e-07,-10.785503543673071,-2.4603695346775196e-06
2024-05-09,NFLX,0.03584554641201996,1.0,1.9715052723690007e-07,1.9715052723690007e-07,1.0,7.0669683742245065e-09,False,,0.05,1.4133936748449011e-07,33.096849280394345,4.677887743020439e-06
2024-05-10,UNH,0.07453927085528823,1.0,1.6757794818467175e-07,1.6757794818467175e-07,1.0,1.2491138069110705e-08,False,,0.05,2.498227613822141e-07,-29.773717321712954,-7.43815227792379e-06
2024-05-13,HD,0.05520571962175939,1.0,1.4244125590145984e-07,1.4244125590145984e-07,1.0,7.863572035867272e-09,False,,0.05,1.5727144071734544e-07,-20.415991679672015,-3.210852425135355e-06
2024-05-13,COST,0.057981492377062405,1.0,1.210750675273431e-07,1.210750675273431e-07,1.0,7.02011310488896e-09,False,,0.05,1.404022620977792e-07,14.535183427735817,2.0407726332602608e-06
2024-05-13,SPY,0.09025600937510272,1.0,1.0291380736493494e-07,1.0291380736493494e-07,1.0,9.288589562357084e-09,False,,0.05,1.8577179124714168e-07,5.3356521484936446,9.912136570973243e-07
2024-05-14,WFC,0.05419905005209685,1.0,8.74767362990525e-08,8.74767362990525e-08,1.0,4.741156009066424e-09,False,,0.05,9.482312018132847e-08,-25.80516939738477,-2.4469266790677556e-06
2024-05-14,MRK,0.05917993866711505,1.0,7.435522586529686e-08,7.435522586529686e-08,1.0,4.4003377062877545e-09,False,,0.05,8.800675412575509e-08,-10.116736095482258,-8.903411061102586e-07
2024-05-16,AXP,0.05762298454768164,1.0,6.32019420132579e-08,6.32019420132579e-08,1.0,3.6418845280134314e-09,False,,0.05,7.283769056026863e-08,-17.136295955322268,-1.2481682221429462e-06
2024-05-17,ORCL,0.05864989725655384,1.0,5.3721650683513644e-08,5.3721650683513644e-08,1.0,3.1507692930405507e-09,False,,0.05,6.301538586081102e-08,3.1849295487866707,2.0069956445629077e-07
2024-05-20,PYPL,0.03836055601846664,1.0,4.566340305878214e-08,4.566340305878214e-08,1.0,1.7516735310302332e-09,False,,0.05,3.503347062060466e-08,19.448079999295604,6.813337392824917e-07
2024-05-21,BAC,0.05092653103921989,1.0,3.8813892544453665e-08,3.8813892544453665e-08,1.0,1.976656903418065e-09,False,,0.05,3.9533138068361295e-08,9.978464907805868,3.9448003091058744e-07
2024-05-22,WMT,0.06578556451911244,1.0,3.2991808618376695e-08,3.2991808618376695e-08,1.0,2.17038475446643e-09,False,,0.05,4.34076950893286e-08,14.462580310664151,6.277872763302367e-07
2024-05-24,DIS,0.04394087590437536,1.0,2.804303733672242e-08,2.804303733672242e-08,1.0,1.2322356235946846e-09,False,,0.05,2.464471247189369e-08,-2.7475263059296333,-6.771199581860004e-08
2024-05-28,QQQ,0.08487500418112998,1.0,2.3836581708458482e-08,2.3836581708458482e-08,1.0,2.02312997216926e-09,False,,0.05,4.04625994433852e-08,22.75115310999158,9.205707951647167e-07
2024-05-29,PFE,0.040491496262103494,1.0,2.0261094468843055e-08,2.0261094468843055e-08,1.0,8.204020309512843e-10,False,,0.05,1.6408040619025684e-08,-24.420959857875104,-4.007001013036104e-07
2024-05-30,CVX,0.07432442737788492,1.0,1.7221930326272172e-08,1.7221930326272172e-08,1.0,1.28001010984201e-09,False,,0.05,2.56002021968402e-08,-12.413914789289295,-3.1779872866015084e-07
2024-05-30,MSFT,0.05686379749545666,1.0,1.4638640744024656e-08,1.4638640744024656e-08,1.0,8.324087028769591e-10,False,,0.05,1.664817405753918e-08,27.023858383523667,4.498978980751914e-07
2024-05-31,TMO,0.058453923903941475,1.0,1.2442844643523188e-08,1.2442844643523188e-08,1.0,7.273330939410702e-10,False,,0.05,1.4546661878821403e-08,-6.7197055875449365,-9.77492851072431e-08
2024-05-31,GE,0.050674239944164395,1.0,1.0576417963648055e-08,1.0576417963648055e-08,1.0,5.359519416396721e-10,False,,0.05,1.0719038832793442e-08,-0.7214283897668273,-7.733018924990264e-09
2024-06-03,PEP,0.06409079139186274,1.0,8.989955224691926e-09,8.989955224691926e-09,1.0,5.761733449279168e-10,False,,0.05,1.1523466898558335e-08,-13.681228761159968,-1.5765518676083115e-07
2024-06-04,CAT,0.040889641102945046,1.0,7.641461907681446e-09,7.641461907681446e-09,1.0,3.1245663490692013e-10,False,,0.05,6.249132698138402e-09,-13.638894984897089,-8.523126461659627e-08
2024-06-04,MA,0.07331771841607625,1.0,6.495242566018078e-09,6.495242566018078e-09,1.0,4.76216365499426e-10,False,,0.05,9.524327309988518e-09,17.27327064323683,1.645162833202035e-07
2024-06-04,ISRG,0.041778311437938226,1.0,5.520956136706445e-09,5.520956136706445e-09,1.0,2.3065622491451812e-10,False,,0.05,4.613124498290362e-09,37.49081635548848,1.729498033904089e-07
2024-06-07,AVGO,0.039551956594059946,1.0,4.692812693996018e-09,4.692812693996018e-09,1.0,1.8560992397698404e-10,False,,0.05,3.7121984795396805e-09,74.17231347091683,2.75342349290678e-07
2024-06-10,NFLX,0.03893023673482212,1.0,3.98889077324327e-09,3.98889077324327e-09,1.0,1.5528846211170815e-10,False,,0.05,3.1057692422341628e-09,27.730767431513,8.612536455234194e-08
2024-06-11,KO,0.1,1.0,3.3905571683590097e-09,3.3905571683590097e-09,1.0,3.39055716835901e-10,False,,0.05,6.78111433671802e-09,-0.0407912467493813,-2.766101081448319e-10
2024-06-12,WFC,0.05198346211531087,1.0,2.8819735486962372e-09,2.8819735486962372e-09,1.0,1.4981496278597888e-10,False,,0.05,2.9962992557195774e-09,24.338249047675824,7.292467750706879e-08
2024-06-12,GS,0.056539515096332094,1.0,2.449677571902953e-09,2.449677571902953e-09,1.0,1.3850358205775316e-10,False,,0.05,2.770071641155063e-09,14.8545055480079,4.114804456191723e-08
2024-06-13,PG,0.06979066463409332,1.0,2.08222594721974e-09,2.08222594721974e-09,1.0,1.453199327748202e-10,False,,0.05,2.9063986554964036e-09,-2.9722435669615583,-8.638524706824908e-09
2024-06-18,CAT,0.04906604672726266,1.0,1.7698920107278582e-09,1.7698920107278582e-09,1.0,8.684160410058196e-11,False,,0.05,1.7368320820116392e-09,3.7997025494313306,6.599445289953751e-09
2024-06-18,ABBV,0.051911067389615526,1.0,1.5044081536075282e-09,1.5044081536075282e-09,1.0,7.809543304340747e-11,False,,0.05,1.5619086608681493e-09,-11.195068833129705,-1.748567496948037e-08
2024-06-21,TSLA,0.026562815417275003,1.0,1.278746886157478e-09,1.278746886157478e-09,1.0,3.396711750241626e-11,False,,0.05,6.793423500483251e-10,163.57104621603128,1.1112073893626188e-07
2024-06-21,SPY,0.1,1.0,1.0869348754383168e-09,1.0869348754383168e-09,1.0,1.0869348754383168e-10,False,,0.05,2.1738697508766336e-09,12.202230207288949,2.652605914085856e-08
2024-06-21,XOM,0.046199723900134146,1.0,9.238946274692239e-10,9.238946274692239e-10,1.0,4.2683676701895434e-11,False,,0.05,8.536735340379086e-10,9.03935493925276,7.716658076414929e-09
2024-06-24,MRK,0.06561593728149866,1.0,7.853104833088764e-10,7.853104833088764e-10,1.0,5.152888341929863e-11,False,,0.05,1.0305776683859727e-09,-15.408561504890551,-1.5879719388891957e-08
2024-06-25,HD,0.06335859053227377,1.0,6.675139330170055e-10,6.675139330170055e-10,1.0,4.229274195661207e-11,False,,0.05,8.458548391322414e-10,20.701594044363155,1.7510543500175765e-08
2024-06-25,BAC,0.06724750435292254,1.0,5.673868042066488e-10,5.673868042066488e-10,1.0,3.815534658567742e-11,False,,0.05,7.631069317135484e-10,36.98055741181814,2.8220119699589262e-08
2024-06-27,TMO,0.05513129919867895,1.0,4.822787724734212e-10,4.822787724734212e-10,1.0,2.6588655302403795e-11,False,,0.05,5.317731060480759e-10,-6.487301361599132,-3.4497723949274825e-09
2024-06-28,GE,0.044305393543322795,1.0,4.099369732557534e-10,4.099369732557534e-10,1.0,1.8162418928054747e-11,False,,0.05,3.632483785610949e-10,-2.605837086958903,-9.465660966321883e-10
2024-06-28,GOOGL,0.057093294314001744,1.0,3.484463828584694e-10,3.484463828584694e-10,1.0,1.9893951889187927e-11,False,,0.05,3.9787903778375855e-10,-17.956091297009362,-7.144352327611406e-09
2024-07-01,PYPL,0.05370282634619205,1.0,2.9617941432746875e-10,2.9617941432746875e-10,1.0,1.590567165494492e-11,False,,0.05,3.1811343309889835e-10,13.28152241752974,4.2250306930203654e-09
2024-07-03,BRK-B,0.09494525540000112,1.0,2.5175250772946356e-10,2.5175250772946356e-10,1.0,2.3902706143964673e-11,False,,0.05,4.780541228792935e-10,35.45386281789925,1.6948865292093623e-08
2024-07-03,CVX,0.0577958515879055,1.0,2.139896038144684e-10,2.139896038144684e-10,1.0,1.2367711383415713e-11,False,,0.05,2.4735422766831424e-10,-9.489108798452952,-2.347171178101935e-09
2024-07-05,QQQ,0.1,1.0,1.8189116879341327e-10,1.8189116879341327e-10,1.0,1.8189116879341327e-11,False,,0.05,3.6378233758682654e-10,-33.80534598605898,-1.2297787785739979e-08
2024-07-05,V,0.08968630846506681,1.0,1.5460743796325005e-10,1.5460743796325005e-10,1.0,1.3866170372165725e-11,False,,0.05,2.773234074433145e-10,-30.036963016511898,-8.329952932987899e-09
2024-07-08,PEP,0.06838948582504041,1.0,1.3141632226876254e-10,1.3141632226876254e-10,1.0,8.987494708978478e-12,False,,0.05,1.7974989417956954e-10,25.20068378522244,4.529820243646528e-09
2024-07-09,BA,0.06783596652405673,1.0,1.1170386837733304e-10,1.1170386837733304e-10,1.0,7.577539875852402e-12,False,,0.05,1.5155079751704803e-10,3.4068508388444494,5.163109616485004e-10
2024-07-09,KO,0.07616615063127646,1.0,9.494827146738771e-11,9.494827146738771e-11,1.0,7.231844346764382e-12,False,,0.05,1.4463688693528762e-10,32.99456093634569,4.772230579629689e-09
2024-07-10,GILD,0.06421897334856784,1.0,8.070599744058882e-11,8.070599744058882e-11,1.0,5.1828562987067575e-12,False,,0.05,1.0365712597413515e-10,78.87213217318508,8.175658540524483e-09
2024-07-11,CAT,0.08643846520354437,1.0,6.860012558007611e-11,6.860012558007611e-11,1.0,5.929689567912183e-12,False,,0.05,1.1859379135824365e-10,27.3894122054672,3.2482142365201092e-09
2024-07-12,MSFT,0.05602059761926176,1.0,5.831013449864031e-11,5.831013449864031e-11,1.0,3.2665685818733623e-12,False,,0.05,6.533137163746724e-11,-43.76217731583918,-2.859043069885828e-09
2024-07-16,AMGN,0.05864810976114955,1.0,4.95635754660384e-11,4.95635754660384e-11,1.0,2.906810014087239e-12,False,,0.05,5.8136200281744776e-11,2.4201624597566007,1.4069904947476983e-10
2024-07-16,MS,0.05090980512476469,1.0,4.21290780039385e-11,4.21290780039385e-11,1.0,2.1447831512665196e-12,False,,0.05,4.289566302533039e-11,-59.907230929679976,-2.5697603907402025e-09
2024-07-16,PG,0.07777372484647416,1.0,3.580968854777211e-11,3.580968854777211e-11,1.0,2.785052863952365e-12,False,,0.05,5.5701057279047294e-11,22.7581952304281,1.2676555360978165e-09
2024-07-18,LLY,0.0540670180412793,1.0,3.043820751003068e-11,3.043820751003068e-11,1.0,1.6457031145890318e-12,False,,0.05,3.291406229178064e-11,-83.77418376568123,-2.7573487029067104e-09
2024-07-19,MU,0.021992556265302148,1.0,2.5872526343562186e-11,2.5872526343562186e-11,1.0,5.690029913363034e-13,False,,0.05,1.1380059826726068e-11,-141.77961371253556,-1.6134604862587664e-09
2024-07-19,SPY,0.09613928734413792,1.0,2.1991630738682488e-11,2.1991630738682488e-11,1.0,2.1142597067523716e-12,False,,0.05,4.228519413504743e-11,-31.45520574136899,-1.330089481331646e-09
2024-07-22,AMZN,0.035615258305379156,1.0,1.8692936087916223e-11,1.8692936087916223e-11,1.0,6.6575374725708e-13,False,,0.05,1.33150749451416e-11,-59.34819679384826,-7.90225688169102e-10
2024-07-24,GS,0.046009635670862734,1.0,1.5888956816922928e-11,1.5888956816922928e-11,1.0,7.310451143366948e-13,False,,0.05,1.4620902286733895e-11,-0.284889802678129,-4.165345967443825e-12
2024-07-29,WFC,0.043504337555313986,1.0,1.3505641049960104e-11,1.3505641049960104e-11,1.0,5.875539671383696e-13,False,,0.05,1.175107934276739e-11,-53.12473997386501,-6.242730344967742e-10
2024-07-29,XOM,0.04860390370546541,1.0,1.1479817096926581e-11,1.1479817096926581e-11,1.0,5.57963924735375e-13,False,,0.05,1.11592784947075e-11,6.34323702166626,7.078594848271275e-11
2024-07-29,GE,0.039747726696960396,1.0,9.757861185732963e-12,9.757861185732963e-12,1.0,3.8785279955739174e-13,False,,0.05,7.757055991147834e-12,-5.441010850781488,-4.220622581795492e-11
2024-07-30,COST,0.06800500857033098,1.0,1.0,1.0,1.0,0.06800500857033098,False,,0.05,1.3601001714066197,35.112889528901455,47.75704706684057
2024-07-30,HD,0.06210676252283484,1.0,0.85,0.85,1.0,0.052790748144409615,False,,0.05,1.0558149628881923,-1.984005946782358,-2.0947431650719683
2024-07-30,JNJ,0.06730063712638701,1.0,0.7225,0.7225,1.0,0.048624710323814616,False,,0.05,0.9724942064762923,1.821242037296615,1.7711473298620375
2024-07-30,CVX,0.052527196884065035,1.0,0.614125,0.614125,1.0,0.03225826478642644,False,,0.05,0.6451652957285288,-33.55416903281735,-21.647985386982647
2024-08-01,NFLX,0.03184276383831895,1.0,0.52200625,0.52200625,1.0,0.016622121740876482,False,,0.05,0.3324424348175296,59.41638183585951,19.752526645561176
2024-08-02,QQQ,0.04267408132948208,1.0,0.4437053125,0.4437053125,1.0,0.018934716591948262,False,,0.05,0.3786943318389652,41.393857329936,15.675619143797565
2024-08-05,WMT,0.055542645776715395,1.0,0.377149515625,0.377149515625,1.0,0.020947881951219164,False,,0.05,0.41895763902438327,62.49114026471463,26.181140585246414
2024-08-05,AXP,0.0362304622453736,1.0,0.32057708828125,0.32057708828125,1.0,0.011614656093705628,False,,0.05,0.23229312187411255,51.73656441966459,12.018048064085022
2024-08-06,ISRG,0.038156833412914794,1.0,0.27249052503906246,0.27249052503906246,1.0,0.010397375570513194,False,,0.05,0.20794751141026388,58.63383589119732,12.192760258012294
2024-08-08,DIS,0.04911282565400928,1.0,0.23161694628320306,0.23161694628320306,1.0,0.011375362701320986,False,,0.05,0.2275072540264197,31.67574722064414,7.206462269403744
2024-08-08,GOOGL,0.04044180984005974,1.0,0.19687440434072256,0.19687440434072256,1.0,0.007961957222722534,False,,0.05,0.15923914445445067,13.93610965368572,2.219174178276325
2024-08-12,CAT,0.031498272698293736,1.0,0.16734324368961417,0.16734324368961417,1.0,0.0052710231239524894,False,,0.05,0.10542046247904978,21.912043648913546,2.3099777753295916
2024-08-12,TMO,0.0390641908693396,1.0,0.14224175713617204,0.14224175713617204,1.0,0.0055565591503576725,False,,0.05,0.11113118300715344,16.911757883661565,1.8794236603418633
2024-08-13,MS,0.03384781635633958,1.0,1.0,1.0,1.0,0.03384781635633958,False,,0.05,0.6769563271267915,39.51391938639843,26.749197738200404
2024-08-14,TXN,0.033421477867351196,1.0,0.85,0.85,1.0,0.028408256187248515,False,,0.05,0.5681651237449703,11.506700549211368,6.537705941438995
2024-08-15,SPY,0.05751292648002599,1.0,0.7225,0.7225,1.0,0.04155308938181878,False,,0.05,0.8310617876363755,-0.0409695061858363,-0.03404819104938066
2024-08-16,XOM,0.0737495570118487,1.0,0.614125,0.614125,1.0,0.04529144669990158,False,,0.05,0.9058289339980315,-22.287330428932105,-20.18850876410146
2024-08-16,V,0.09537104101473243,1.0,0.52200625,0.52200625,1.0,0.049784279478696666,False,,0.05,0.9956855895739333,21.406517974039797,21.314161469706814
2024-08-19,UNH,0.06276473233979211,1.0,0.4437053125,0.4437053125,1.0,0.027849045176806315,False,,0.05,0.5569809035361263,18.4151707931077,10.256898467117209
2024-08-19,BA,0.029926482720371617,1.0,0.377149515625,0.377149515625,1.0,0.011286758462348088,False,,0.05,0.22573516924696174,-57.46692986378486,-12.972307138904757
2024-08-21,ORCL,0.0546063714376692,1.0,0.32057708828125,0.32057708828125,1.0,0.017505551557092408,False,,0.05,0.35011103114184816,72.7072779324163,25.455620048435215
2024-08-23,COST,0.0652596757390621,1.0,0.27249052503906246,0.27249052503906246,1.0,0.017782643306015998,False,,0.05,0.35565286612031993,18.704647557329785,6.652361513534779
2024-08-23,MA,0.060657117312334585,1.0,0.23161694628320306,0.23161694628320306,1.0,0.014049216282224946,False,,0.05,0.28098432564449893,26.255244082692457,7.377312053207061
2024-08-26,HD,0.04385840565999272,1.0,0.19687440434072256,0.19687440434072256,1.0,0.008634597489644843,False,,0.05,0.17269194979289684,9.465451173608002,1.6346072188398297
2024-08-27,PEP,0.06698689275480824,1.0,0.16734324368961417,0.16734324368961417,1.0,0.011209803918277925,False,,0.05,0.2241960783655585,5.136857549195145,1.1516633176520656
2024-08-27,PFE,0.04297149547991256,1.0,0.14224175713617204,0.14224175713617204,1.0,0.006112341023831837,False,,0.05,0.12224682047663674,19.686957309246782,2.4066679359147027
2024-08-28,CSCO,0.06394101701136286,1.0,0.1209054935657462,0.1209054935657462,1.0,0.0077308202208546005,False,,0.05,0.154616404417092,-2.1805896269874223,-0.3371549276340031
2024-08-30,ABBV,0.05906640175923715,1.0,0.10276966953088429,0.10276966953088429,1.0,0.006070234589175244,False,,0.05,0.12140469178350488,-8.083312371394806,-0.9813520470389784
2024-09-03,WFC,0.05426437972586522,1.0,0.08735421910125163,0.08735421910125163,1.0,0.004740222515966747,False,,0.05,0.09480445031933495,-24.64683155088905,-2.336629317295278
2024-09-04,AMZN,0.04140371042119266,1.0,0.07425108623606391,0.07425108623606391,1.0,0.0030742704729769944,False,,0.05,0.06148540945953988,64.00148286343035,3.9351573798757404
2024-09-05,GE,0.03910839482317657,1.0,0.06311342330065428,0.06311342330065428,1.0,0.0024682646770842597,False,,0.05,0.049365293541685194,85.49934224867997,4.220700127727093
2024-09-06,BRK-B,0.061428794872297444,1.0,0.05364640980555613,0.05364640980555613,1.0,0.003295434303580714,False,,0.05,0.06590868607161428,-15.17713005636326,-1.0003047003529077
2024-09-09,CAT,0.03667573928755256,1.0,0.045599448334722736,0.045599448334722736,1.0,0.0016723934787805136,False,,0.05,0.03344786957561027,96.0716053261801,3.2133905248695775
2024-09-10,TMO,0.05318192209079856,1.0,0.038759531084514354,0.038759531084514354,1.0,0.0020613063624125277,False,,0.05,0.04122612724825055,-8.533474949645804,-0.35180212414385637
2024-09-10,QQQ,0.04670016879176795,1.0,0.03294560142183722,0.03294560142183722,1.0,0.0015385651473461084,False,,0.05,0.030771302946922166,36.021197389715155,1.1084191773898069
2024-09-11,TXN,0.03111703455487982,1.0,0.02800376120856163,0.02800376120856163,1.0,0.0008713940051934153,False,,0.05,0.017427880103868306,16.69252280972366,0.29091528615895085
2024-09-12,XOM,0.04402111403718984,1.0,0.0238031970272774,0.0238031970272774,1.0,0.0010478432507874766,False,,0.05,0.020956865015749532,61.596832855270215,1.2908765115455838
2024-09-12,SPY,0.0661765656263663,1.0,0.02023271747318578,0.02023271747318578,1.0,0.0013389317556640069,False,,0.05,0.026778635113280137,13.498000078750644,0.3614580188678901
2024-09-13,GS,0.03406139330400922,1.0,0.017197809852207868,0.017197809852207868,1.0,0.000585781365343617,False,,0.05,0.01171562730687234,15.385014134959883,0.18024509171615294
2024-09-13,WMT,0.06362263430351577,1.0,0.014618138374376644,0.014618138374376644,1.0,0.0009300444719911557,False,,0.05,0.01860088943982311,1.9662705921755648,0.0365743818938332
2024-09-18,UNH,0.05564670844717795,1.0,0.012425417618220136,0.012425417618220136,1.0,0.0006914335915355242,False,,0.05,0.013828671830710484,9.83772516765446,0.1360426729042148
2024-09-18,META,0.036621774660020256,1.0,0.010561604975487082,0.010561604975487082,1.0,0.0003867847174604367,False,,0.05,0.0077356943492087335,55.80784249631943,0.43171241184030923
2024-09-20,ISRG,0.051684916641256816,1.0,0.008977364229164064,0.008977364229164064,1.0,0.0004639943218425454,False,,0.05,0.009279886436850907,-0.1726736296921842,-0.0016023916741823162
2024-09-20,KO,0.0717291217724568,1.0,0.007630759594789427,0.007630759594789427,1.0,0.0005473476841909939,False,,0.05,0.010946953683819878,-6.35458264810646,-0.06956332192882689
2024-09-23,HD,0.05665569469747923,1.0,0.006486145655571041,0.006486145655571041,1.0,0.0003674770880254141,False,,0.05,0.007349541760508282,28.47953013890687,0.20931149607555027
2024-09-23,AXP,0.03960684419053042,1.0,0.005513223807235401,0.005513223807235401,1.0,0.00021836139632069545,False,,0.05,0.004367227926413909,0.0497066499885592,0.00021708026995851732
2024-09-24,CSCO,0.06524675063146627,1.0,0.004686240236150052,0.004686240236150052,1.0,0.00030576194808722607,False,,0.05,0.006115238961744521,27.04544191792418,0.1653893401540884
2024-09-26,MS,0.06181428412439168,1.0,0.0039833042007275665,0.0039833042007275665,1.0,0.0002462250976176567,False,,0.05,0.004924501952353134,78.54419193327354,0.38679102652140485
2024-09-30,LLY,0.03980807475626539,1.0,0.0033858085706184315,0.0033858085706184315,1.0,0.00013478252068958258,False,,0.05,0.0026956504137916515,34.9156185322855,0.09412030154434686
2024-10-01,CRM,0.058869937032088565,1.0,0.0028779372850256113,0.0028779372850256113,1.0,0.00016942398675175765,False,,0.05,0.0033884797350351528,30.95949979750313,0.10490563767066427
2024-10-03,V,0.06755290079804045,1.0,0.0024462466922717807,0.0024462466922717807,1.0,0.0001652510601305702,False,,0.05,0.003305021202611404,18.82114627661221,0.062204287501654035
2024-10-03,CVX,0.057519863743800095,1.0,0.0020793096884310636,0.0020793096884310636,1.0,0.0001196016099597182,False,,0.05,0.002392032199194364,-5.347128381964274,-0.012790503262884603
2024-10-04,GE,0.04140589563554114,1.0,0.0017674132351663818,0.0017674132351663818,1.0,7.318132796017333e-05,False,,0.05,0.0014636265592034665,-16.704955984304487,-0.024449817248952933
2024-10-07,QQQ,0.06036956432405966,1.0,0.001502301249891369,0.001502301249891369,1.0,9.069327193943223e-05,False,,0.05,0.0018138654387886445,10.534684790359869,0.01910850064976616
2024-10-08,ABBV,0.0694753455790182,1.0,0.0012769560624076304,0.0012769560624076304,1.0,8.871696372499245e-05,False,,0.05,0.0017743392744998488,-16.394196788452867,-0.02908886723563121
2024-10-08,CAT,0.04675427809470674,1.0,0.0010854126530465136,0.0010854126530465136,1.0,5.0747685028050134e-05,False,,0.05,0.0010149537005610025,-8.461115510521818,-0.008587640498278216
2024-10-08,ORCL,0.0453508595805525,1.0,0.0009226007550895421,0.0009226007550895421,1.0,4.184073729297753e-05,False,,0.05,0.0008368147458595506,12.07555543644117,0.010105002853658434
2024-10-09,PEP,0.056459388924238296,1.0,0.0007842106418260997,0.0007842106418260997,1.0,4.42760536253863e-05,False,,0.05,0.000885521072507726,-2.2120431878958087,-0.0019588108561789056
2024-10-10,TMO,0.051332226089438146,1.0,0.0006665790455522291,0.0006665790455522291,1.0,3.421698627276891e-05,False,,0.05,0.0006843397254553782,-51.96247757498265,-0.035559987637644876
2024-10-10,WMT,0.0619521336504682,1.0,0.0005665921887193504,0.0005665921887193504,1.0,3.510159500085249e-05,False,,0.05,0.0007020319000170498,8.153357281936431,0.005723916904155682
2024-10-11,WFC,0.03537268709561686,1.0,0.00048160336041147556,0.00048160336041147556,1.0,1.7035604972032717e-05,False,,0.05,0.00034071209944065435,50.73717532348252,0.017286769524152288
2024-10-14,AMZN,0.04684976970068898,1.0,0.00040936285634973757,0.00040936285634973757,1.0,1.917855554400143e-05,False,,0.05,0.0003835711108800286,27.9312624204774,0.010713625354904112
2024-10-15,COST,0.05594919854445834,1.0,0.00034795842789725473,0.00034795842789725473,1.0,1.9467995167641095e-05,False,,0.05,0.0003893599033528219,-8.170282797328802,-0.003181180520333166
2024-10-17,JPM,0.05502185638663098,1.0,0.00029576466371261656,0.00029576466371261656,1.0,1.6273520851035795e-05,False,,0.05,0.0003254704170207159,27.74138070410915,0.009028998746496847
2024-10-18,UNH,0.04175539895031158,1.0,0.0002513999641556852,0.0002513999641556852,1.0,1.0497305799414666e-05,False,,0.05,0.00020994611598829332,32.90917107295925,0.006909152647162091
2024-10-21,META,0.044752547296830494,1.0,0.00021368996953230468,0.00021368996953230468,1.0,9.563170468352733e-06,False,,0.05,0.00019126340936705463,14.978053821721597,0.002864753639625715
2024-10-22,SPY,0.1,1.0,0.00018163647410240902,0.00018163647410240902,1.0,1.81636474102409e-05,False,,0.05,0.000363272948204818,18.301046665287927,0.006648275177333098
2024-10-23,MA,0.09490197946895235,1.0,0.00015439100298708652,0.00015439100298708652,1.0,1.4652011795671446e-05,False,,0.05,0.0002930402359134289,18.11655186060554,0.005308878631169716
2024-10-24,DIS,0.06268929926871379,1.0,0.00013123235253897914,0.00013123235253897914,1.0,8.226864222053415e-06,False,,0.05,0.00016453728444106827,25.004459247885094,0.00411416582356437
2024-10-28,MSFT,0.06446946894318528,1.0,0.00011154749965813782,0.00011154749965813782,1.0,7.191408064900287e-06,False,,0.05,0.00014382816129800572,-18.32907536675453,-0.002636237208292874
2024-10-29,CVX,0.09700239506671866,1.0,9.4815374709456e-05,9.4815374709456e-05,1.0,9.197318435965617e-06,False,,0.05,0.00018394636871931232,47.74915100469366,0.008783282936743502
2024-10-29,ISRG,0.06865125714865856,1.0,8.059306850305425e-05,8.059306850305425e-05,1.0,5.5328154702026325e-06,False,,0.05,0.00011065630940405265,23.46441305918301,0.0025964853514614484
2024-10-30,JNJ,0.06810519813998289,1.0,6.850410822756281e-05,6.850410822756281e-05,1.0,4.665485864240998e-06,False,,0.05,9.330971728481996e-05,-22.64453450918253,-0.002112955113098171
2024-10-31,V,0.052957630817105895,1.0,1.0,1.0,1.0,0.052957630817105895,False,,0.05,1.0591526163421179,40.96187905237475,43.384881368612106
2024-11-01,AAPL,0.05341356731028495,1.0,1.0,1.0,1.0,0.05341356731028495,False,,0.05,1.068271346205699,20.94745858664912,22.377569783947784
2024-11-01,GE,0.03552164987653745,1.0,0.85,0.85,1.0,0.030193402395056832,False,,0.05,0.6038680479011366,18.365445854657107,11.090305937085809
2024-11-04,XOM,0.04468156621023599,1.0,1.0,1.0,1.0,0.04468156621023599,False,,0.05,0.8936313242047197,33.68451871082862,30.101541060756436
2024-11-04,CAT,0.04781836025676504,1.0,0.85,0.85,1.0,0.04064560621825028,False,,0.05,0.8129121243650056,18.080306139889977,14.697700073347615
2024-11-04,PG,0.09232662627729073,1.0,0.7225,0.7225,1.0,0.06670598748534255,False,,0.05,1.3341197497068509,29.262096690122483,39.03914111212388
2024-11-04,QQQ,0.08083460252775868,1.0,0.614125,0.614125,1.0,0.0496425502773598,False,,0.05,0.992851005547196,20.34032649945664,20.1949136181438
2024-11-05,PEP,0.07213518393164507,1.0,1.0,1.0,1.0,0.07213518393164507,False,,0.05,1.4427036786329013,-13.48878978654963,-19.460326645361057
2024-11-06,WFC,0.037122774555283636,1.0,0.85,0.85,1.0,0.03155435837199109,False,,0.05,0.6310871674398217,36.887246663370746,23.27906801144066
2024-11-07,ABBV,0.05065580855497274,1.0,0.7225,0.7225,1.0,0.03659882168096781,False,,0.05,0.731976433619356,-64.4192969202699,-47.15340721596553
2024-11-08,PYPL,0.040340819247818835,1.0,0.614125,0.614125,1.0,0.024774305620566744,False,,0.05,0.49548611241133483,36.112379725751175,17.893182640234357
2024-11-12,BRK-B,0.05905458273356212,1.0,0.52200625,0.52200625,1.0,0.030826861278061512,False,,0.05,0.6165372255612303,12.40086434486622,7.6455944977450025
2024-11-14,HD,0.04866604064715167,1.0,0.4437053125,0.4437053125,1.0,0.021593380773482135,False,,0.05,0.4318676154696427,30.23310180398132,13.056697584336366
2024-11-15,ORCL,0.062100877452373054,1.0,0.377149515625,0.377149515625,1.0,0.023421315851049982,False,,0.05,0.4684263170209996,6.775457540211767,3.1738026216935595
2024-11-18,GILD,0.05213705904660364,1.0,0.32057708828125,0.32057708828125,1.0,0.016713946580707798,False,,0.05,0.33427893161415595,22.871340118898733,7.645407139529451
2024-11-20,GS,0.043723759678400205,1.0,1.0,1.0,1.0,0.043723759678400205,False,,0.05,0.8744751935680041,8.204360646423417,7.174509864382833
2024-11-21,UNH,0.0632010794513447,1.0,1.0,1.0,1.0,0.0632010794513447,False,,0.05,1.264021589026894,-70.37962976404819,-88.96137144947667
2024-11-21,GOOGL,0.04303816992241023,1.0,0.85,0.85,1.0,0.0365824444340487,False,,0.05,0.7316488886809739,74.53679040946061,54.534759868928525
2024-11-21,SPY,0.1,1.0,0.7225,0.7225,1.0,0.07225000000000001,False,,0.05,1.445,12.177456483679396,17.59642461891673
2024-11-22,DIS,0.06140720811973023,1.0,0.614125,0.614125,1.0,0.03771170168652933,False,,0.05,0.7542340337305865,0.9495417453999462,0.716176700828583
2024-11-25,KO,0.06605147366918927,1.0,0.52200625,0.52200625,1.0,0.03447928207702723,False,,0.05,0.6895856415405446,-7.582836313127007,-5.229015043684625
2024-11-26,CVX,0.06887546545901606,1.0,0.4437053125,0.4437053125,1.0,0.030560409925075676,False,,0.05,0.6112081985015135,-57.20231711707491,-34.96252519523965
2024-11-26,COST,0.05313802046216229,1.0,0.377149515625,0.377149515625,1.0,0.020040978678575846,False,,0.05,0.4008195735715169,17.971520988582476,7.203337379075194
2024-11-29,NFLX,0.038843203028333516,1.0,0.32057708828125,0.32057708828125,1.0,0.01245224092634059,False,,0.05,0.24904481852681176,17.0680038550438,4.2506979226943065
2024-12-02,GE,0.05217072839138514,1.0,0.27249052503906246,0.27249052503906246,1.0,0.014216029171038858,False,,0.05,0.28432058342077715,-60.66951560679613,-17.24959207318022
2024-12-02,CAT,0.04409425456435008,1.0,0.23161694628320306,0.23161694628320306,1.0,0.010212976590828954,False,,0.05,0.20425953181657908,-77.83422994584699,-15.898383368042664
2024-12-02,XOM,0.05305543212347698,1.0,0.19687440434072256,0.19687440434072256,1.0,0.010445256596349168,False,,0.05,0.20890513192698335,-69.32274104264332,-14.481876363053505
2024-12-03,WFC,0.05329323847849609,1.0,0.16734324368961417,0.16734324368961417,1.0,0.008918263393715695,False,,0.05,0.1783652678743139,-52.72035254094087,-9.403479803393184
2024-12-03,BAC,0.07018934647324022,1.0,0.14224175713617204,0.14224175713617204,1.0,0.00998385597459327,False,,0.05,0.1996771194918654,-44.94320340676663,-8.974129397000151
2024-12-04,QQQ,0.07825703727263841,1.0,0.1209054935657462,0.1209054935657462,1.0,0.009461705716441345,False,,0.05,0.1892341143288269,4.879076489510027,0.9232877182350318
2024-12-06,TXN,0.06386379195673905,1.0,0.10276966953088429,0.10276966953088429,1.0,0.0065632607943832185,False,,0.05,0.13126521588766435,-12.168990726600708,-1.5973651948622274
2024-12-09,ABBV,0.05786296385499708,1.0,0.08735421910125163,0.08735421910125163,1.0,0.005054574022437219,False,,0.05,0.10109148044874437,3.490614428249872,0.35287138022752695
2024-12-09,WMT,0.06092391640933159,1.0,0.07425108623606391,0.07425108623606391,1.0,0.004523666971148029,False,,0.05,0.09047333942296058,-32.783550857221,-2.9660373241952462
2024-12-11,V,0.06780044042414338,1.0,0.06311342330065428,0.06311342330065428,1.0,0.004279117896459753,False,,0.05,0.08558235792919505,4.369110157546205,0.3739187493352011
2024-12-12,MU,0.030314122258028948,1.0,0.05364640980555613,0.05364640980555613,1.0,0.0016262438255499514,False,,0.05,0.03252487651099903,-107.38600771359104,-3.4927166398937377
2024-12-12,LLY,0.03753245071650114,1.0,0.045599448334722736,0.045599448334722736,1.0,0.001711459047322621,False,,0.05,0.034229180946452414,-5.346076206097541,-0.18299180981203655
2024-12-16,GILD,0.043090282259334076,1.0,0.038759531084514354,0.038759531084514354,1.0,0.0016701591346711564,False,,0.05,0.03340318269342313,1.154841341946076,0.038575376326942704
2024-12-18,BA,0.029258317702189524,1.0,0.03294560142183722,0.03294560142183722,1.0,0.0009639328732898204,False,,0.05,0.019278657465796406,11.774152216311176,0.22698984752841075
2024-12-19,HD,0.052422143856474326,1.0,0.02800376120856163,0.02800376120856163,1.0,0.0014680171985975731,False,,0.05,0.02936034397195146,-10.713523229050192,-0.31455272715640575
2024-12-19,AAPL,0.061254293765081076,1.0,0.0238031970272774,0.0238031970272774,1.0,0.0014580480232569545,False,,0.05,0.02916096046513909,5.737114004425925,0.1672997546670602
2024-12-23,BRK-B,0.06177760937295371,1.0,0.02023271747318578,0.02023271747318578,1.0,0.001249928916611806,False,,0.05,0.024998578332236118,-1.463404477836889,-0.036583031470950565
2024-12-24,COST,0.05197651510908983,1.0,0.017197809852207868,0.017197809852207868,1.0,0.0008938822236265362,False,,0.05,0.01787764447253072,-23.826857342410666,-0.4259680844653261
2024-12-26,JPM,0.04857425983495568,1.0,0.014618138374376644,0.014618138374376644,1.0,0.0007100652517003078,False,,0.05,0.014201305034006155,-5.975321586135852,-0.08485736452099671
2024-12-27,META,0.0353008505522189,1.0,0.012425417618220136,0.012425417618220136,1.0,0.0004386278103896967,False,,0.05,0.008772556207793932,-15.933297636836471,-0.13977574909465817
2024-12-30,GE,0.05763482541602689,1.0,0.010561604975487082,0.010561604975487082,1.0,0.0006087162588752389,False,,0.05,0.012174325177504776,-3.1247885141019403,-0.03804219148160899
2024-12-30,ISRG,0.0432547567872564,1.0,0.008977364229164064,0.008977364229164064,1.0,0.0003883137063231071,False,,0.05,0.007766274126462141,-9.176761480833878,-0.07126924525331456
2024-12-31,QQQ,0.06427884034303298,1.0,0.007630759594789427,0.007630759594789427,1.0,0.0004904963776895366,False,,0.05,0.009809927553790732,-8.352971986285459,-0.08194205004430381
2024-12-31,PG,0.06733447810649466,1.0,0.006486145655571041,0.006486145655571041,1.0,0.0004367412326405837,False,,0.05,0.008734824652811673,-0.535810822251293,-0.004680213579443887
