timestamp	experiment	total_samples	accuracy_all	confident_trades	confident_pct	accuracy_confident	precision_confident	recall_confident	f1_confident	brier_score	brier_skill_score	crps	horizon	experiment_name	method	top_k	max_distance	distance_weighting	projection_horizon	confidence_threshold	agreement_spread	min_matches	same_sector_only	exclude_same_ticker	avg_matches	avg_projected_return	buy_signals	sell_signals	hold_signals
2026-03-15 19:38:45	sweep_dist0.3_k50	13104	0.5407509157509157	8734	0.6665140415140415	0.5477444469887794	0.5719505340078695	0.8182549256131886	0.6732837055417701	0.25333	-0.03095	0.0259	fwd_7d_up	sweep_dist0.3_k50	analogue_sweep	50	0.3	inverse	fwd_7d_up	0.55	0.1	10	False	True	49.995115995115995	0.004460112543070175	7116	1618	4370
2026-03-15 19:45:52	sweep_dist0.2_k50	13104	0.5396825396825397	8711	0.6647588522588522	0.5463207438870393	0.5703389830508474	0.8160873080032336	0.6714333222480878	0.25376	-0.0327	0.02592	fwd_7d_up	sweep_dist0.2_k50	analogue_sweep	50	0.2	inverse	fwd_7d_up	0.55	0.1	10	False	True	49.26831501831502	0.004470642734654443	7080	1631	4393
2026-03-15 19:52:59	sweep_dist0.35_k50	13104	0.5407509157509157	8734	0.6665140415140415	0.5477444469887794	0.5719505340078695	0.8182549256131886	0.6732837055417701	0.25333	-0.03097	0.0259	fwd_7d_up	sweep_dist0.35_k50	analogue_sweep	50	0.35	inverse	fwd_7d_up	0.55	0.1	10	False	True	50.0	0.004459536663891888	7116	1618	4370
2026-03-15 20:00:06	sweep_dist0.3_k20	13104	0.5312881562881563	9794	0.7474053724053724	0.5353277516847049	0.5690466011115861	0.7233695652173913	0.6369944962909787	0.2625	-0.06829	0.0268	fwd_7d_up	sweep_dist0.3_k20	analogue_sweep	20	0.3	inverse	fwd_7d_up	0.55	0.1	10	False	True	19.999847374847374	0.004430607786809162	7017	2777	3310
2026-03-15 20:07:12	sweep_dist0.3_k25	13104	0.5316697191697192	9546	0.7284798534798534	0.535512256442489	0.5686746987951807	0.7425504349435499	0.6440841226521111	0.25992	-0.05778	0.02651	fwd_7d_up	sweep_dist0.3_k25	analogue_sweep	25	0.3	inverse	fwd_7d_up	0.55	0.1	10	False	True	24.99992368742369	0.004423519000641754	7055	2491	3558
2026-03-15 20:14:29	sweep_sector_d0.3	13104	0.5312118437118437	8153	0.6221764346764347	0.5404145713234392	0.5769622833843018	0.7298517085751128	0.6444634215769998	0.27006	-0.09904	0.02711	fwd_7d_up	sweep_sector_d0.3	analogue_sweep	50	0.3	inverse	fwd_7d_up	0.55	0.1	10	True	True	29.986492673992675	0.003724128996099692	5886	2267	4951
2026-03-15 20:21:37	sweep_uniform_d0.3	13104	0.5459401709401709	8704	0.6642246642246642	0.5487132352941176	0.5706309324399776	0.8275303643724696	0.6754791804362195	0.25276	-0.02864	0.0259	fwd_7d_up	sweep_uniform_d0.3	analogue_sweep	50	0.3	uniform	fwd_7d_up	0.55	0.1	10	False	True	49.995115995115995	0.0044704908387514525	7164	1540	4400
2026-03-15 20:28:46	sweep_thr60_d0.3	13104	0.5407509157509157	5083	0.3878968253968254	0.5520361990950227	0.5682125168842863	0.8754769337495665	0.6891467576791809	0.25333	-0.03095	0.0259	fwd_7d_up	sweep_thr60_d0.3	analogue_sweep	50	0.3	inverse	fwd_7d_up	0.6	0.1	10	False	True	49.995115995115995	0.004460112543070175	4442	641	8021
2026-03-15 20:35:55	sweep_thr65_d0.3	13104	0.5407509157509157	2410	0.18391330891330893	0.5593360995850623	0.5673598553345389	0.9227941176470589	0.7026875699888018	0.25333	-0.03095	0.0259	fwd_7d_up	sweep_thr65_d0.3	analogue_sweep	50	0.3	inverse	fwd_7d_up	0.65	0.1	10	False	True	49.995115995115995	0.004460112543070175	2212	198	10694
2026-03-15 21:29:54	cos_d0.05_t65	13104	0.5414377289377289	1030	0.0786019536019536	0.5611650485436893	0.585081585081585	0.8394648829431438	0.6895604395604396	0.30375	-0.23614	0.02807	fwd_7d_up	cos_d0.05_t65	analogue_sweep	50	0.05	uniform	fwd_7d_up	0.65	0.1	10	False	True	11.407127594627594	0.002703848892460656	858	172	12074
2026-03-15 21:37:14	cos_d0.08_t65	13104	0.5398351648351648	1929	0.1472069597069597	0.5438050803525143	0.5659806295399515	0.8515482695810564	0.68	0.28337	-0.1532	0.02724	fwd_7d_up	cos_d0.08_t65	analogue_sweep	50	0.08	uniform	fwd_7d_up	0.65	0.1	10	False	True	25.921321733821735	0.003903086915535833	1652	277	11175
2026-03-15 22:12:04	cos_d0.05_t65	13104	0.5414377289377289	1030	0.0786019536019536	0.5611650485436893	0.585081585081585	0.8394648829431438	0.6895604395604396	0.30375	-0.23614	0.02807	fwd_7d_up	cos_d0.05_t65	analogue_sweep	cosine	full	16	50	0.05	uniform	fwd_7d_up	0.65	0.1	10	False	True	11.407127594627594	0.002703848892460656	858	172	12074
2026-03-15 22:12:48	cos_d0.08_t65	13104	0.5398351648351648	1929	0.1472069597069597	0.5438050803525143	0.5659806295399515	0.8515482695810564	0.68	0.28337	-0.1532	0.02724	fwd_7d_up	cos_d0.08_t65	analogue_sweep	cosine	full	16	50	0.08	uniform	fwd_7d_up	0.65	0.1	10	False	True	25.921321733821735	0.003903086915535833	1652	277	11175
2026-03-15 22:13:29	cos_d0.03_t65	13104	0.55242673992674	363	0.0277014652014652	0.5757575757575758	0.6153846153846154	0.8251121076233184	0.7049808429118773	0.28581	-0.16315	0.03039	fwd_7d_up	cos_d0.03_t65	analogue_sweep	cosine	full	16	50	0.03	uniform	fwd_7d_up	0.65	0.1	10	False	True	2.850885225885226	0.0017229128539968516	299	64	12741
2026-03-15 22:14:55	euc_d0.8974_k10	13104	0.5463217338217338	518	0.03952991452991453	0.5424710424710425	0.5758928571428571	0.8459016393442623	0.6852589641434262	0.28376	-0.15478	0.02257	fwd_7d_up	euc_d0.8974_k10	analogue_sweep	euclidean	full	16	50	0.8974	uniform	fwd_7d_up	0.65	0.1	10	False	True	5.828449328449328	0.0015132788073906858	448	70	12586
2026-03-15 22:16:21	euc_d1.0115_k20	13104	0.5387667887667887	853	0.0650946275946276	0.5650644783118406	0.5848806366047745	0.8837675350701403	0.7039106145251397	0.28468	-0.15854	0.02283	fwd_7d_up	euc_d1.0115_k20	analogue_sweep	euclidean	full	16	50	1.0115	uniform	fwd_7d_up	0.65	0.1	10	False	True	10.335851648351648	0.0021415529906668286	754	99	12251
2026-03-15 22:18:09	euc_d1.1794_k40	13104	0.5398351648351648	1251	0.09546703296703296	0.5587529976019184	0.5869565217391305	0.8709677419354839	0.7012987012987013	0.2806	-0.14193	0.02325	fwd_7d_up	euc_d1.1794_k40	analogue_sweep	euclidean	full	16	50	1.1794	uniform	fwd_7d_up	0.65	0.1	10	False	True	17.713980463980462	0.0026744750788172695	1104	147	11853
2026-03-15 22:18:53	cos_d0.05_t55	13104	0.5414377289377289	2766	0.21108058608058608	0.5665220535068691	0.6006433823529411	0.7984117287721442	0.6855494361395227	0.30375	-0.23614	0.02807	fwd_7d_up	cos_d0.05_t55	analogue_sweep	cosine	full	16	50	0.05	uniform	fwd_7d_up	0.55	0.1	10	False	True	11.407127594627594	0.002703848892460656	2176	590	10338
2026-03-15 22:19:36	cos_d0.05_t60	13104	0.5414377289377289	1949	0.14873321123321123	0.5772190867111339	0.6060983198506534	0.8360515021459227	0.7027417027417028	0.30375	-0.23614	0.02807	fwd_7d_up	cos_d0.05_t60	analogue_sweep	cosine	full	16	50	0.05	uniform	fwd_7d_up	0.6	0.1	10	False	True	11.407127594627594	0.002703848892460656	1607	342	11155
2026-03-15 22:20:21	cos_d0.05_retonly	13104	0.5425824175824175	1983	0.15132783882783882	0.56732223903177	0.569586243954863	0.9489704565801254	0.7118871725990598	0.26338	-0.07185	0.02705	fwd_7d_up	cos_d0.05_retonly	analogue_sweep	cosine	returns_only	8	50	0.05	uniform	fwd_7d_up	0.65	0.1	10	False	True	38.669871794871796	0.005488900713793252	1861	122	11121
2026-03-15 22:21:00	euc_d1.0115_retonly	13104	0.5474664224664225	1813	0.13835470085470086	0.5852178709321566	0.5896848137535816	0.9661971830985916	0.7323843416370107	0.25797	-0.04985	0.02461	fwd_7d_up	euc_d1.0115_retonly	analogue_sweep	euclidean	returns_only	8	50	1.0115	uniform	fwd_7d_up	0.65	0.1	10	False	True	41.17246642246642	0.004417801716946091	1745	68	11291
2026-03-15 22:35:11	euc_r_d0.9586	13104	0.5461691086691086	1794	0.13690476190476192	0.5752508361204013	0.5795257374204743	0.9662487945998072	0.7245119305856833	0.2599	-0.05768	0.02456	fwd_7d_up	euc_r_d0.9586	analogue_sweep	euclidean	returns_only	8	50	0.9586	uniform	fwd_7d_up	0.65	0.1	10	False	True	40.05303724053724	0.00431275585233824	1729	65	11310
2026-03-15 22:35:49	euc_r_d1.0115	13104	0.5474664224664225	1813	0.13835470085470086	0.5852178709321566	0.5896848137535816	0.9661971830985916	0.7323843416370107	0.25797	-0.04985	0.02461	fwd_7d_up	euc_r_d1.0115	analogue_sweep	euclidean	returns_only	8	50	1.0115	uniform	fwd_7d_up	0.65	0.1	10	False	True	41.17246642246642	0.004417801716946091	1745	68	11291
2026-03-15 22:36:28	euc_r_d1.0655	13104	0.5480006105006106	1841	0.140491452991453	0.5801195002715915	0.5844155844155844	0.9654850746268657	0.7281041153710869	0.25715	-0.04649	0.02469	fwd_7d_up	euc_r_d1.0655	analogue_sweep	euclidean	returns_only	8	50	1.0655	uniform	fwd_7d_up	0.65	0.1	10	False	True	42.13545482295482	0.004470296724133343	1771	70	11263
2026-03-15 22:37:07	euc_r_d1.1019	13104	0.5494505494505495	1856	0.14163614163614163	0.5845905172413793	0.5875139353400223	0.9714285714285714	0.732198680097256	0.25586	-0.04125	0.02476	fwd_7d_up	euc_r_d1.1019	analogue_sweep	euclidean	returns_only	8	50	1.1019	uniform	fwd_7d_up	0.65	0.1	10	False	True	42.71451465201465	0.00456667952745063	1794	62	11248
2026-03-15 22:37:47	euc_r_d1.2457	13104	0.5483058608058609	1883	0.14369658119658119	0.5862984599044079	0.5865490628445424	0.9734675205855444	0.7320261437908496	0.25507	-0.03803	0.02494	fwd_7d_up	euc_r_d1.2457	analogue_sweep	euclidean	returns_only	8	50	1.2457	uniform	fwd_7d_up	0.65	0.1	10	False	True	44.56639194139194	0.004530479529522454	1814	69	11221
2026-03-15 22:38:26	euc_r_d1.0115_t55	13104	0.5474664224664225	7455	0.5689102564102564	0.5573440643863179	0.5740094124791255	0.8844444444444445	0.6961885472288712	0.25797	-0.04985	0.02461	fwd_7d_up	euc_r_d1.0115_t55	analogue_sweep	euclidean	returns_only	8	50	1.0115	uniform	fwd_7d_up	0.55	0.1	10	False	True	41.17246642246642	0.004417801716946091	6587	868	5649
2026-03-15 22:39:03	euc_r_d1.0115_t60	13104	0.5474664224664225	4723	0.3604242979242979	0.5682828710565319	0.574806730331969	0.9373377827215424	0.71261451726568	0.25797	-0.04985	0.02461	fwd_7d_up	euc_r_d1.0115_t60	analogue_sweep	euclidean	returns_only	8	50	1.0115	uniform	fwd_7d_up	0.6	0.1	10	False	True	41.17246642246642	0.004417801716946091	4398	325	8381
2026-03-15 22:39:39	euc_r_d1.0115_ag05	13104	0.5474664224664225	1813	0.13835470085470086	0.5852178709321566	0.5896848137535816	0.9661971830985916	0.7323843416370107	0.25797	-0.04985	0.02461	fwd_7d_up	euc_r_d1.0115_ag05	analogue_sweep	euclidean	returns_only	8	50	1.0115	uniform	fwd_7d_up	0.65	0.05	10	False	True	41.17246642246642	0.004417801716946091	1745	68	11291
2026-03-15 22:40:16	euc_r_d1.0115_ag15	13104	0.5474664224664225	1813	0.13835470085470086	0.5852178709321566	0.5896848137535816	0.9661971830985916	0.7323843416370107	0.25797	-0.04985	0.02461	fwd_7d_up	euc_r_d1.0115_ag15	analogue_sweep	euclidean	returns_only	8	50	1.0115	uniform	fwd_7d_up	0.65	0.15	10	False	True	41.17246642246642	0.004417801716946091	1745	68	11291
2026-03-15 22:41:08	euc_f_d1.0115	13104	0.5387667887667887	853	0.0650946275946276	0.5650644783118406	0.5848806366047745	0.8837675350701403	0.7039106145251397	0.28468	-0.15854	0.02283	fwd_7d_up	euc_f_d1.0115	analogue_sweep	euclidean	full	16	50	1.0115	uniform	fwd_7d_up	0.65	0.1	10	False	True	10.335851648351648	0.0021415529906668286	754	99	12251
2026-03-15 22:47:49	euc_r_d0.9586	13104	0.5461691086691086	1794	0.13690476190476192	0.5752508361204013	0.5795257374204743	0.9662487945998072	0.7245119305856833	0.2599	-0.05768	0.02456	fwd_7d_up	euc_r_d0.9586	analogue_sweep	50	0.9586	uniform	fwd_7d_up	0.65	0.1	10	False	True	40.05303724053724	0.00431275585233824	1729	65	11310	euclidean	returns_only	8
2026-03-15 22:49:17	euc_r_d0.9586	13104	0.5461691086691086	1794	0.13690476190476192	0.5752508361204013	0.5795257374204743	0.9662487945998072	0.7245119305856833	0.2599	-0.05768	0.02456	fwd_7d_up	euc_r_d0.9586	analogue_sweep	50	0.9586	uniform	fwd_7d_up	0.65	0.1	10	False	True	40.05303724053724	0.00431275585233824	1729	65	11310	euclidean	returns_only	8
2026-03-15 22:49:54	euc_r_d1.0115	13104	0.5474664224664225	1813	0.13835470085470086	0.5852178709321566	0.5896848137535816	0.9661971830985916	0.7323843416370107	0.25797	-0.04985	0.02461	fwd_7d_up	euc_r_d1.0115	analogue_sweep	50	1.0115	uniform	fwd_7d_up	0.65	0.1	10	False	True	41.17246642246642	0.004417801716946091	1745	68	11291	euclidean	returns_only	8
2026-03-15 22:50:36	euc_r_d1.0655	13104	0.5480006105006106	1841	0.140491452991453	0.5801195002715915	0.5844155844155844	0.9654850746268657	0.7281041153710869	0.25715	-0.04649	0.02469	fwd_7d_up	euc_r_d1.0655	analogue_sweep	50	1.0655	uniform	fwd_7d_up	0.65	0.1	10	False	True	42.13545482295482	0.004470296724133343	1771	70	11263	euclidean	returns_only	8
2026-03-15 22:51:15	euc_r_d1.1019	13104	0.5494505494505495	1856	0.14163614163614163	0.5845905172413793	0.5875139353400223	0.9714285714285714	0.732198680097256	0.25586	-0.04125	0.02476	fwd_7d_up	euc_r_d1.1019	analogue_sweep	50	1.1019	uniform	fwd_7d_up	0.65	0.1	10	False	True	42.71451465201465	0.00456667952745063	1794	62	11248	euclidean	returns_only	8
2026-03-15 22:51:53	euc_r_d1.2457	13104	0.5483058608058609	1883	0.14369658119658119	0.5862984599044079	0.5865490628445424	0.9734675205855444	0.7320261437908496	0.25507	-0.03803	0.02494	fwd_7d_up	euc_r_d1.2457	analogue_sweep	50	1.2457	uniform	fwd_7d_up	0.65	0.1	10	False	True	44.56639194139194	0.004530479529522454	1814	69	11221	euclidean	returns_only	8
2026-03-15 22:52:32	euc_r_d1.0115_t55	13104	0.5474664224664225	7455	0.5689102564102564	0.5573440643863179	0.5740094124791255	0.8844444444444445	0.6961885472288712	0.25797	-0.04985	0.02461	fwd_7d_up	euc_r_d1.0115_t55	analogue_sweep	50	1.0115	uniform	fwd_7d_up	0.55	0.1	10	False	True	41.17246642246642	0.004417801716946091	6587	868	5649	euclidean	returns_only	8
2026-03-15 22:53:12	euc_r_d1.0115_t60	13104	0.5474664224664225	4723	0.3604242979242979	0.5682828710565319	0.574806730331969	0.9373377827215424	0.71261451726568	0.25797	-0.04985	0.02461	fwd_7d_up	euc_r_d1.0115_t60	analogue_sweep	50	1.0115	uniform	fwd_7d_up	0.6	0.1	10	False	True	41.17246642246642	0.004417801716946091	4398	325	8381	euclidean	returns_only	8
2026-03-15 22:53:51	euc_r_d1.0115_ag05	13104	0.5474664224664225	1813	0.13835470085470086	0.5852178709321566	0.5896848137535816	0.9661971830985916	0.7323843416370107	0.25797	-0.04985	0.02461	fwd_7d_up	euc_r_d1.0115_ag05	analogue_sweep	50	1.0115	uniform	fwd_7d_up	0.65	0.05	10	False	True	41.17246642246642	0.004417801716946091	1745	68	11291	euclidean	returns_only	8
2026-03-15 22:54:30	euc_r_d1.0115_ag15	13104	0.5474664224664225	1813	0.13835470085470086	0.5852178709321566	0.5896848137535816	0.9661971830985916	0.7323843416370107	0.25797	-0.04985	0.02461	fwd_7d_up	euc_r_d1.0115_ag15	analogue_sweep	50	1.0115	uniform	fwd_7d_up	0.65	0.15	10	False	True	41.17246642246642	0.004417801716946091	1745	68	11291	euclidean	returns_only	8
2026-03-15 22:55:32	euc_f_d1.0115	13104	0.5387667887667887	853	0.0650946275946276	0.5650644783118406	0.5848806366047745	0.8837675350701403	0.7039106145251397	0.28468	-0.15854	0.02283	fwd_7d_up	euc_f_d1.0115	analogue_sweep	50	1.0115	uniform	fwd_7d_up	0.65	0.1	10	False	True	10.335851648351648	0.0021415529906668286	754	99	12251	euclidean	full	16
2026-03-15 23:20:33	platt_euc_r_d1.2457	platt_euc_r_d1.2457	platt_calibration	0.5	6552	6552	-0.03351	0.5383888495157099	4233	0.02065	-0.00277	0.556235294117647	6375	0.02065	0.030739999999999996
2026-03-15 23:21:50	platt_euc_r_d1.1019	platt_euc_r_d1.1019	platt_calibration	0.5	6552	6552	-0.03429	0.5391054771585745	4181	0.02065	-0.00228	0.5569919596405486	6343	0.02065	0.032010000000000004
2026-03-15 23:22:50	platt_euc_r_d1.0115	platt_euc_r_d1.0115	platt_calibration	0.5	6552	6552	-0.03807	0.5403967102080309	4134	0.02072	-0.00192	0.556471686372122	6428	0.02072	0.03615
2026-03-15 23:23:36	platt_cos_uniform	platt_cos_uniform	platt_calibration	0.5	6552	6552	-0.04008	0.5271159518947129	4407	0.0209	-0.00491	0.5512489233419466	5805	0.0209	0.03517
2026-03-15 23:24:16	horizon_fwd_1d_up_euc_retonly	13104	0.5093864468864469	6422	0.49007936507936506	0.5071628776082218	0.5315173345339937	0.6853410740203193	0.5987067325979459	0.26037	-0.04615	0.00892	fwd_1d_up	horizon_fwd_1d_up_euc_retonly	horizon_sweep	fwd_1d_up	50	1.2457	uniform	0.55	0.1	10	False	True	44.56639194139194	0.0007585284896327934	4442	1980	6682	euclidean	returns_only	8
2026-03-15 23:24:55	horizon_fwd_3d_up_euc_retonly	13104	0.5238095238095238	7302	0.5572344322344323	0.5408107367844426	0.55931920574003	0.8248031496062992	0.6666003778462762	0.25903	-0.04631	0.01614	fwd_3d_up	horizon_fwd_3d_up_euc_retonly	horizon_sweep	fwd_3d_up	50	1.2457	uniform	0.55	0.1	10	False	True	44.56639194139194	0.0020362805514358927	5993	1309	5802	euclidean	returns_only	8
2026-03-15 23:25:35	horizon_fwd_14d_up_euc_retonly	13104	0.5772283272283272	8822	0.6732295482295483	0.5902289730219905	0.6000242630110396	0.9395896656534954	0.7323609980010365	0.25106	-0.04125	0.03569	fwd_14d_up	horizon_fwd_14d_up_euc_retonly	horizon_sweep	fwd_14d_up	50	1.2457	uniform	0.55	0.1	10	False	True	44.56639194139194	0.008844841143606168	8243	579	4282	euclidean	returns_only	8
2026-03-15 23:26:17	horizon_fwd_30d_up_euc_retonly	13104	0.6128663003663004	9863	0.7526709401709402	0.623745310757376	0.6313141898972962	0.9689560881454078	0.7645155149438416	0.24505	-0.05022	0.05214	fwd_30d_up	horizon_fwd_30d_up_euc_retonly	horizon_sweep	fwd_30d_up	50	1.2457	uniform	0.55	0.1	10	False	True	44.56639194139194	0.019833733704692335	9542	321	3241	euclidean	returns_only	8
2026-03-15 23:27:07	weights_allones	13104	0.5373931623931624	4307	0.3286782661782662	0.5474808451358254	0.5740231150247661	0.8387615601125854	0.6815879758209443	0.27899	-0.13538	0.02374	fwd_7d_up	weights_allones	weight_ablation	50	1.2457	uniform	fwd_7d_up	0.55	0.1	10	False	True	20.457875457875456	0.0027763761087528766	3634	673	8797	euclidean	full	16
2026-03-15 23:27:47	weights_retonly_allones	13104	0.5483058608058609	7938	0.6057692307692307	0.5573192239858906	0.5726082004555809	0.8870754300838112	0.6959681605814154	0.25507	-0.03803	0.02494	fwd_7d_up	weights_retonly_allones	weight_ablation	50	1.2457	uniform	fwd_7d_up	0.55	0.1	10	False	True	44.56639194139194	0.004530479529522454	7024	914	5166	euclidean	returns_only	8
2026-03-15 23:28:38	weights_aggressive_midterm	13104	0.5373931623931624	4307	0.3286782661782662	0.5474808451358254	0.5740231150247661	0.8387615601125854	0.6815879758209443	0.27899	-0.13538	0.02374	fwd_7d_up	weights_aggressive_midterm	weight_ablation	50	1.2457	uniform	fwd_7d_up	0.55	0.1	10	False	True	20.457875457875456	0.0027763761087528766	3634	673	8797	euclidean	full	16
2026-03-15 23:29:19	weights_shortterm_emphasis	13104	0.5483058608058609	7938	0.6057692307692307	0.5573192239858906	0.5726082004555809	0.8870754300838112	0.6959681605814154	0.25507	-0.03803	0.02494	fwd_7d_up	weights_shortterm_emphasis	weight_ablation	50	1.2457	uniform	fwd_7d_up	0.55	0.1	10	False	True	44.56639194139194	0.004530479529522454	7024	914	5166	euclidean	returns_only	8
2026-03-15 23:30:02	fine_euc_r_d1.1500	13104	0.5482295482295483	7793	0.5947039072039072	0.5569100474785064	0.5722375490053725	0.8860161870503597	0.6953683281870313	0.25621	-0.04266	0.02482	fwd_7d_up	fine_euc_r_d1.1500	fine_grid	50	1.15	uniform	fwd_7d_up	0.55	0.1	10	False	True	43.401785714285715	0.004571610164761496	6887	906	5311	euclidean	returns_only	8
2026-03-15 23:30:43	fine_euc_r_d1.2000	13104	0.5465506715506715	7880	0.6013431013431013	0.5576142131979696	0.5732337736932798	0.8859298712827341	0.6960767218831735	0.25571	-0.04064	0.02488	fwd_7d_up	fine_euc_r_d1.2000	fine_grid	50	1.2	uniform	fwd_7d_up	0.55	0.1	10	False	True	44.04296398046398	0.00455739854567256	6964	916	5224	euclidean	returns_only	8
2026-03-15 23:31:24	fine_euc_r_d1.2500	13104	0.5480006105006106	7928	0.605006105006105	0.5581483350151363	0.5730785683730215	0.8875883392226148	0.6964734425093146	0.25497	-0.03763	0.02495	fwd_7d_up	fine_euc_r_d1.2500	fine_grid	50	1.25	uniform	fwd_7d_up	0.55	0.1	10	False	True	44.61256105006105	0.004520858697079315	7013	915	5176	euclidean	returns_only	8
2026-03-15 23:32:06	fine_euc_r_d1.3000	13104	0.5493742368742369	7983	0.6092032967032966	0.5584366779406238	0.5728621908127208	0.8895961369622476	0.6969306164560227	0.25424	-0.03466	0.02501	fwd_7d_up	fine_euc_r_d1.3000	fine_grid	50	1.3	uniform	fwd_7d_up	0.55	0.1	10	False	True	45.13339438339438	0.004464167170141932	7075	908	5121	euclidean	returns_only	8
2026-03-15 23:32:46	fine_euc_r_d1.3500	13104	0.5497557997557998	8036	0.6132478632478633	0.5581134892981583	0.5729737322657676	0.8886710239651416	0.6967290118712102	0.25433	-0.03505	0.02515	fwd_7d_up	fine_euc_r_d1.3500	fine_grid	50	1.35	uniform	fwd_7d_up	0.55	0.1	10	False	True	45.581654456654455	0.004518650806163559	7119	917	5068	euclidean	returns_only	8
2026-03-15 23:33:25	fine_euc_r_d1.4000	13104	0.548992673992674	8094	0.6176739926739927	0.5584383493946133	0.5725648897571867	0.8892501083658431	0.6966044142614601	0.25522	-0.03864	0.0252	fwd_7d_up	fine_euc_r_d1.4000	fine_grid	50	1.4000000000000001	uniform	fwd_7d_up	0.55	0.1	10	False	True	45.98817155067155	0.004555045463378083	7166	928	5010	euclidean	returns_only	8
2026-03-15 23:34:06	fine_euc_r_d1.4500	13104	0.5495268620268621	8139	0.6211080586080586	0.5594053323504116	0.5731724233596893	0.8903253609135962	0.6973839662447258	0.25426	-0.03474	0.0253	fwd_7d_up	fine_euc_r_d1.4500	fine_grid	50	1.4500000000000002	uniform	fwd_7d_up	0.55	0.1	10	False	True	46.333333333333336	0.004596630639106119	7209	930	4965	euclidean	returns_only	8
2026-03-15 23:34:44	fine_euc_r_d1.5000	13104	0.5497557997557998	8163	0.6229395604395604	0.5581281391645229	0.5722783234195601	0.8892949269131556	0.6964060264287518	0.25398	-0.0336	0.02536	fwd_7d_up	fine_euc_r_d1.5000	fine_grid	50	1.5000000000000002	uniform	fwd_7d_up	0.55	0.1	10	False	True	46.62568681318681	0.00458525356408991	7229	934	4941	euclidean	returns_only	8
2026-03-15 23:35:22	fine_euc_r_inverse_d1.2457	13104	0.5457112332112332	7946	0.6063797313797313	0.5558771709035993	0.5713468687446382	0.882703777335984	0.6936897838729277	0.25528	-0.03891	0.02494	fwd_7d_up	fine_euc_r_inverse_d1.2457	fine_grid	50	1.2457	inverse	fwd_7d_up	0.55	0.1	10	False	True	44.56639194139194	0.004540652816156692	6994	952	5158	euclidean	returns_only	8
2026-03-15 23:35:55	overnight_walkforward_baseline_fold_2019	13104	0.5458638583638583	9062	0.6915445665445665	0.55683072169499	0.608738548273432	0.7769382982550819	0.6826299984194721	0.25318	-0.07	0.02219	fwd_7d_up	overnight_walkforward_baseline_fold_2019	walkforward_analogue	2019	2018-12-31	2019	50	0.5	inverse	fwd_7d_up	0.55	0.1	10	False	True	49.99969474969475	0.003828780409583496	7095	1967	4042
2026-03-15 23:36:30	overnight_walkforward_baseline_fold_2020_COVID	13156	0.5315445424141076	9065	0.6890392216479173	0.543519029233315	0.5725017717930546	0.7826002712652587	0.6612639161755075	0.25613	-0.04752	0.03703	fwd_7d_up	overnight_walkforward_baseline_fold_2020_COVID	walkforward_analogue	2020 (COVID)	2019-12-31	2020	50	0.5	inverse	fwd_7d_up	0.55	0.1	10	False	True	50.0	0.004943193976628263	7055	2010	4091
2026-03-15 23:37:06	overnight_walkforward_baseline_fold_2021	13104	0.5422771672771672	9250	0.7058913308913309	0.5574054054054054	0.5817792338709677	0.8562685459940653	0.6928271308523409	0.25363	-0.04053	0.02424	fwd_7d_up	overnight_walkforward_baseline_fold_2021	walkforward_analogue	2021	2020-12-31	2021	50	0.5	inverse	fwd_7d_up	0.55	0.1	10	False	True	50.0	0.005182014528916963	7936	1314	3854
2026-03-15 23:37:45	overnight_walkforward_baseline_fold_2022_Bear	13052	0.494483604045357	9782	0.749463683726632	0.4971375996728685	0.4919599161034724	0.8830788537962769	0.6318940357704108	0.27002	-0.08073	0.03563	fwd_7d_up	overnight_walkforward_baseline_fold_2022_Bear	walkforward_analogue	2022 (Bear)	2021-12-31	2022	50	0.5	inverse	fwd_7d_up	0.55	0.1	10	False	True	50.0	0.009780328746270068	8582	1200	3270
2026-03-15 23:38:25	overnight_walkforward_baseline_fold_2023	13000	0.5374615384615384	8906	0.685076923076923	0.541095890410959	0.5616401402751551	0.8326334733053389	0.6708014498590414	0.25451	-0.03444	0.02531	fwd_7d_up	overnight_walkforward_baseline_fold_2023	walkforward_analogue	2023	2022-12-31	2023	50	0.5	inverse	fwd_7d_up	0.55	0.1	10	False	True	50.0	0.004866954338622997	7414	1492	4094
2026-03-15 23:39:07	overnight_walkforward_baseline_fold_2024_Standard_Val	13104	0.5407509157509157	8734	0.6665140415140415	0.5477444469887794	0.5719505340078695	0.8182549256131886	0.6732837055417701	0.25333	-0.03097	0.0259	fwd_7d_up	overnight_walkforward_baseline_fold_2024_Standard_Val	walkforward_analogue	2024 (Standard Val)	2023-12-31	2024	50	0.5	inverse	fwd_7d_up	0.55	0.1	10	False	True	50.0	0.004459536663891888	7116	1618	4370
2026-03-16 18:40:51	platt_euc_r_d1.0115_cf50	platt_euc_r_d1.0115_cf50	platt_calibration	0.5	6552	6552	-0.03807	0.5403967102080309	4134	0.02072	-0.00192	0.556471686372122	6428	0.02072	0.03615
2026-03-16 18:40:51	platt_euc_r_d1.0115_cf65	platt_euc_r_d1.0115_cf65	platt_calibration	0.65	8517	4587	-0.03706	0.5378787878787878	2904	0.0212	-0.00315	0.5485436893203883	4532	0.0212	0.03391
2026-03-16 18:40:51	platt_euc_r_d1.0115_cf70	platt_euc_r_d1.0115_cf70	platt_calibration	0.7	9172	3932	-0.03647	0.5439870863599677	2478	0.02114	-0.00112	0.5540295413319513	3859	0.02114	0.03535
2026-03-16 18:40:52	platt_euc_r_d1.0115_cf75	platt_euc_r_d1.0115_cf75	platt_calibration	0.75	9828	3276	-0.03526	0.5493707647628268	2066	0.02115	-0.00095	0.5529595015576324	3210	0.02115	0.03431
2026-03-16 18:40:52	platt_euc_r_d1.0115_cf80	platt_euc_r_d1.0115_cf80	platt_calibration	0.8	10483	2621	-0.04103	0.5263157894736842	1653	0.02139	-0.00862	0.5292758089368259	2596	0.02139	0.032409999999999994
2026-03-16 18:40:52	platt_euc_r_d1.2457_cf50	platt_euc_r_d1.2457_cf50	platt_calibration	0.5	6552	6552	-0.03351	0.5383888495157099	4233	0.02065	-0.00277	0.556235294117647	6375	0.02065	0.030739999999999996
2026-03-16 18:40:52	platt_euc_r_d1.2457_cf65	platt_euc_r_d1.2457_cf65	platt_calibration	0.65	8517	4587	-0.0314	0.5370370370370371	2970	0.02114	-0.00358	0.547556142668428	4542	0.02114	0.027819999999999998
2026-03-16 18:40:52	platt_euc_r_d1.2457_cf70	platt_euc_r_d1.2457_cf70	platt_calibration	0.7	9172	3932	-0.0288	0.5420450059218318	2533	0.02106	-0.00127	0.5547237996902427	3874	0.02106	0.02753
2026-03-16 18:40:52	platt_euc_r_d1.2457_cf75	platt_euc_r_d1.2457_cf75	platt_calibration	0.75	9828	3276	-0.02389	0.5494089834515367	2115	0.02108	-0.00078	0.5531326781326781	3256	0.02108	0.023110000000000002
2026-03-16 18:40:53	platt_euc_r_d1.2457_cf80	platt_euc_r_d1.2457_cf80	platt_calibration	0.8	10483	2621	-0.03042	0.5267804590935845	1699	0.02133	-0.00865	0.5289161240903868	2611	0.02133	0.021769999999999998
2026-03-16 18:40:53	platt_euc_r_d1.1019_cf50	platt_euc_r_d1.1019_cf50	platt_calibration	0.5	6552	6552	-0.03429	0.5391054771585745	4181	0.02065	-0.00228	0.5569919596405486	6343	0.02065	0.032010000000000004
2026-03-16 18:40:53	platt_euc_r_d1.1019_cf65	platt_euc_r_d1.1019_cf65	platt_calibration	0.65	8517	4587	-0.03276	0.5361035422343324	2936	0.02115	-0.00326	0.548308644704842	4523	0.02115	0.0295
2026-03-16 18:40:53	platt_euc_r_d1.1019_cf70	platt_euc_r_d1.1019_cf70	platt_calibration	0.7	9172	3932	-0.03065	0.5421157684630739	2505	0.02108	-0.00093	0.5554096638655462	3808	0.02108	0.02972
2026-03-16 18:40:53	platt_euc_r_d1.1019_cf75	platt_euc_r_d1.1019_cf75	platt_calibration	0.75	9828	3276	-0.02675	0.5494978479196556	2091	0.0211	-0.00048	0.5546558704453441	3211	0.0211	0.026269999999999998
2026-03-16 18:40:53	platt_euc_r_d1.1019_cf80	platt_euc_r_d1.1019_cf80	platt_calibration	0.8	10483	2621	-0.03221	0.5262529832935561	1676	0.0213	-0.00817	0.5298421255294571	2597	0.0213	0.024040000000000002
2026-03-16 18:46:04	platt_euc_r_d1.1019_cf73	platt_euc_r_d1.1019_cf73	platt_calibration	0.73	9565	3539	-0.02998	0.5419068736141907	2255	0.02121	-0.00196	0.5495391705069125	3472	0.02121	0.02802
2026-03-16 18:46:04	platt_euc_r_d1.1019_cf74	platt_euc_r_d1.1019_cf74	platt_calibration	0.74	9696	3408	-0.02927	0.5443678160919541	2175	0.02111	-0.00171	0.5502692998204668	3342	0.02111	0.02756
2026-03-16 18:46:04	platt_euc_r_d1.1019_cf75	platt_euc_r_d1.1019_cf75	platt_calibration	0.75	9828	3276	-0.02675	0.5494978479196556	2091	0.0211	-0.00048	0.5546558704453441	3211	0.0211	0.026269999999999998
2026-03-16 18:46:04	platt_euc_r_d1.1019_cf76	platt_euc_r_d1.1019_cf76	platt_calibration	0.76	9959	3145	-0.02691	0.5534465534465535	2002	0.02086	0.00033	0.5611038107752957	3044	0.02086	0.02724
2026-03-16 18:46:05	platt_euc_r_d1.1019_cf77	platt_euc_r_d1.1019_cf77	platt_calibration	0.77	10090	3014	-0.02755	0.5450755601875977	1919	0.02083	-0.0006	0.5546161650321272	2957	0.02083	0.02695
2026-03-16 18:46:05	platt_euc_r_d1.1019_cf78	platt_euc_r_d1.1019_cf78	platt_calibration	0.78	10221	2883	-0.02903	0.5387954422137818	1843	0.02114	-0.00233	0.546643109540636	2830	0.02114	0.0267
2026-03-16 18:46:05	platt_euc_r_d1.1019_cf79	platt_euc_r_d1.1019_cf79	platt_calibration	0.79	10352	2752	-0.03172	0.5321937321937322	1755	0.02122	-0.00532	0.5364506627393225	2716	0.02122	0.0264
2026-03-16 18:46:05	platt_euc_r_d1.2457_cf73	platt_euc_r_d1.2457_cf73	platt_calibration	0.73	9565	3539	-0.02754	0.5419043440105309	2279	0.02121	-0.00224	0.5483229107447414	3518	0.02121	0.0253
2026-03-16 18:46:05	platt_euc_r_d1.2457_cf74	platt_euc_r_d1.2457_cf74	platt_calibration	0.74	9696	3408	-0.02629	0.5443383356070941	2199	0.02108	-0.00193	0.5489964580873672	3388	0.02108	0.02436
2026-03-16 18:46:05	platt_euc_r_d1.2457_cf75	platt_euc_r_d1.2457_cf75	platt_calibration	0.75	9828	3276	-0.02389	0.5494089834515367	2115	0.02108	-0.00078	0.5531326781326781	3256	0.02108	0.023110000000000002
2026-03-16 18:46:05	platt_euc_r_d1.2457_cf76	platt_euc_r_d1.2457_cf76	platt_calibration	0.76	9959	3145	-0.02401	0.5535273803650715	2027	0.02085	3e-05	0.5606207565470417	3093	0.02085	0.02404
2026-03-16 18:46:06	platt_euc_r_d1.2457_cf77	platt_euc_r_d1.2457_cf77	platt_calibration	0.77	10090	3014	-0.02577	0.5453141091658085	1942	0.02086	-0.00099	0.5519436997319035	2984	0.02086	0.02478
2026-03-16 18:46:06	platt_euc_r_d1.2457_cf78	platt_euc_r_d1.2457_cf78	platt_calibration	0.78	10221	2883	-0.02719	0.5391211146838156	1866	0.02117	-0.00274	0.5450104675505931	2866	0.02117	0.02445
2026-03-16 18:46:06	platt_euc_r_d1.2457_cf79	platt_euc_r_d1.2457_cf79	platt_calibration	0.79	10352	2752	-0.02994	0.5323215289488477	1779	0.02125	-0.00576	0.5361577794010226	2738	0.02125	0.02418
2026-03-16 18:46:06	platt_euc_r_d1.0115_cf73	platt_euc_r_d1.0115_cf73	platt_calibration	0.73	9565	3539	-0.03641	0.5423956931359354	2229	0.02125	-0.00224	0.5482669722142652	3491	0.02125	0.03417
2026-03-16 18:46:06	platt_euc_r_d1.0115_cf74	platt_euc_r_d1.0115_cf74	platt_calibration	0.74	9696	3408	-0.03719	0.5444392740809679	2149	0.02115	-0.00211	0.5482521661189125	3347	0.02115	0.03508
2026-03-16 18:46:06	platt_euc_r_d1.0115_cf75	platt_euc_r_d1.0115_cf75	platt_calibration	0.75	9828	3276	-0.03526	0.5493707647628268	2066	0.02115	-0.00095	0.5529595015576324	3210	0.02115	0.03431
2026-03-16 18:46:06	platt_euc_r_d1.0115_cf76	platt_euc_r_d1.0115_cf76	platt_calibration	0.76	9959	3145	-0.0358	0.5536437246963563	1976	0.02091	-0.00017	0.5606407322654462	3059	0.02091	0.035629999999999995
2026-03-16 18:46:07	platt_euc_r_d1.0115_cf77	platt_euc_r_d1.0115_cf77	platt_calibration	0.77	10090	3014	-0.0356	0.5448785638859557	1894	0.02091	-0.001	0.551864406779661	2950	0.02091	0.0346
2026-03-16 18:46:07	platt_euc_r_d1.0115_cf78	platt_euc_r_d1.0115_cf78	platt_calibration	0.78	10221	2883	-0.03735	0.5387575590984057	1819	0.02123	-0.00275	0.5446868402533427	2842	0.02123	0.0346
2026-03-16 18:46:07	platt_euc_r_d1.0115_cf79	platt_euc_r_d1.0115_cf79	platt_calibration	0.79	10352	2752	-0.04024	0.5320623916811091	1731	0.02131	-0.00575	0.5357406042741342	2714	0.02131	0.03449
2026-03-16 18:54:30	platt_walkforward_d1.1019_cf76_fold_2019	3145	0.5926868044515103	3145	1.0	0.5926868044515103	0.5926868044515103	1.0	0.7442603314034737	0.24234	-0.00386	0.01866	fwd_7d_up	platt_walkforward_d1.1019_cf76_fold_2019	platt_walkforward	2019	2018-12-31	2019	50	1.1019	uniform	fwd_7d_up	0.55	0.1	10	False	True	0.76	9959	3145	euclidean	returns_only	8	42.64339133089133	0.004477555596610818	6969	917	5218
2026-03-16 18:55:17	platt_walkforward_d1.1019_cf76_fold_2020_COVID	3158	0.5218492716909436	3158	1.0	0.5218492716909436	0.5218492716909436	1.0	0.6858094049105286	0.25431	-0.01919	0.03015	fwd_7d_up	platt_walkforward_d1.1019_cf76_fold_2020_COVID	platt_walkforward	2020 (COVID)	2019-12-31	2020	50	1.1019	uniform	fwd_7d_up	0.55	0.1	10	False	True	0.76	9998	3158	euclidean	returns_only	8	28.12123745819398	0.00432928123165737	4842	738	7576
2026-03-16 18:56:20	platt_walkforward_d1.1019_cf76_fold_2021	3145	0.5767885532591415	3145	1.0	0.5767885532591415	0.5767885532591415	1.0	0.7315991127243396	0.24418	-0.00033	0.02017	fwd_7d_up	platt_walkforward_d1.1019_cf76_fold_2021	platt_walkforward	2021	2020-12-31	2021	50	1.1019	uniform	fwd_7d_up	0.55	0.1	10	False	True	0.76	9959	3145	euclidean	returns_only	8	43.24648962148962	0.004728145398278216	7142	855	5107
2026-03-16 18:57:07	platt_walkforward_d1.1019_cf76_fold_2022_Bear	3133	0.46249601021385256	0	0.0	0.0	0.0	0.0	0.0	0.25298	-0.01766	0.03193	fwd_7d_up	platt_walkforward_d1.1019_cf76_fold_2022_Bear	platt_walkforward	2022 (Bear)	2021-12-31	2022	50	1.1019	uniform	fwd_7d_up	0.55	0.1	10	False	True	0.76	9919	3133	euclidean	returns_only	8	33.41694759423843	0.006548573886231886	6171	734	6147
2026-03-16 18:57:45	platt_walkforward_d1.1019_cf76_fold_2023	3120	0.5458333333333333	3120	1.0	0.5458333333333333	0.5458333333333333	1.0	0.706199460916442	0.24837	-0.0019	0.01987	fwd_7d_up	platt_walkforward_d1.1019_cf76_fold_2023	platt_walkforward	2023	2022-12-31	2023	50	1.1019	uniform	fwd_7d_up	0.55	0.1	10	False	True	0.76	9880	3120	euclidean	returns_only	8	42.62515384615384	0.005118015764002211	6859	833	5308
2026-03-16 18:58:24	platt_walkforward_d1.1019_cf76_fold_2024_Standard_Val	3145	0.5599364069952305	3044	0.967885532591415	0.5611038107752957	0.5611038107752957	1.0	0.7188552188552189	0.24633	0.00033	0.02086	fwd_7d_up	platt_walkforward_d1.1019_cf76_fold_2024_Standard_Val	platt_walkforward	2024 (Standard Val)	2023-12-31	2024	50	1.1019	uniform	fwd_7d_up	0.55	0.1	10	False	True	0.76	9959	3145	euclidean	returns_only	8	42.71451465201465	0.00456667952745063	6782	882	5440
2026-03-16 19:09:58	platt_wf_v2_d1.1019_train_cal_fold_2019	13104	0.6132478632478633	11442	0.8731684981684982	0.6144030763852474	0.6144030763852474	1.0	0.7611520138588134	0.23971	-0.01307	0.02105	fwd_7d_up	platt_wf_v2_d1.1019_train_cal_fold_2019	platt_walkforward_v2	2019	2018-12-31	2019	50	1.1019	uniform	fwd_7d_up	0.55	0.1	10	False	True	training_set	euclidean	returns_only	8	42.64339133089133	0.004477555596610818	6969	917	5218
2026-03-16 19:15:27	platt_wf_v2_d1.1019_train_cal_fold_2020_COVID	13156	0.5693219823654606	12022	0.9138035877166312	0.5736150390949926	0.5736150390949926	1.0	0.7290411248546358	0.24506	-0.00227	0.03249	fwd_7d_up	platt_wf_v2_d1.1019_train_cal_fold_2020_COVID	platt_walkforward_v2	2020 (COVID)	2019-12-31	2020	50	1.1019	uniform	fwd_7d_up	0.55	0.1	10	False	True	training_set	euclidean	returns_only	8	28.12123745819398	0.00432928123165737	4842	738	7576
2026-03-16 19:21:37	platt_wf_v2_d1.1019_train_cal_fold_2021	13104	0.5769993894993894	12274	0.9366605616605617	0.5787844223562001	0.5787844223562001	1.0	0.7332026008876045	0.24405	-0.00124	0.02345	fwd_7d_up	platt_wf_v2_d1.1019_train_cal_fold_2021	platt_walkforward_v2	2021	2020-12-31	2021	50	1.1019	uniform	fwd_7d_up	0.55	0.1	10	False	True	training_set	euclidean	returns_only	8	43.24648962148962	0.004728145398278216	7142	855	5107
2026-03-16 19:28:47	platt_wf_v2_d1.1019_train_cal_fold_2022_Bear	13052	0.4876647257125345	11962	0.916487894575544	0.4871258986791506	0.4871258986791506	1.0	0.6551239530046659	0.25765	-0.03125	0.0339	fwd_7d_up	platt_wf_v2_d1.1019_train_cal_fold_2022_Bear	platt_walkforward_v2	2022 (Bear)	2021-12-31	2022	50	1.1019	uniform	fwd_7d_up	0.55	0.1	10	False	True	training_set	euclidean	returns_only	8	33.41694759423843	0.006548573886231886	6171	734	6147
2026-03-16 19:37:07	platt_wf_v2_d1.1019_train_cal_fold_2023	13000	0.5615384615384615	11438	0.8798461538461538	0.5639097744360902	0.5639097744360902	1.0	0.7211538461538461	0.24621	-0.00069	0.02419	fwd_7d_up	platt_wf_v2_d1.1019_train_cal_fold_2023	platt_walkforward_v2	2023	2022-12-31	2023	50	1.1019	uniform	fwd_7d_up	0.55	0.1	10	False	True	training_set	euclidean	returns_only	8	42.62515384615384	0.005118015764002211	6859	833	5308
2026-03-16 19:46:23	platt_wf_v2_d1.1019_train_cal_fold_2024_Standard_Val	13104	0.5660866910866911	11433	0.872481684981685	0.568529694743287	0.568529694743287	1.0	0.7249205375564601	0.24555	0.0007	0.02476	fwd_7d_up	platt_wf_v2_d1.1019_train_cal_fold_2024_Standard_Val	platt_walkforward_v2	2024 (Standard Val)	2023-12-31	2024	50	1.1019	uniform	fwd_7d_up	0.55	0.1	10	False	True	training_set	euclidean	returns_only	8	42.71451465201465	0.00456667952745063	6782	882	5440
2026-03-16 21:14:02	regime_wf_v3_d1.1019_platt_fold_2019	13104	0.6097374847374848	0	0.0	0.0	0.0	0.0	0.0	0.23956	-0.01243	0.02209	fwd_7d_up	regime_wf_v3_d1.1019_platt_fold_2019	regime_walkforward_v3_platt	2019	2018-12-31	2019	50	1.1019	uniform	fwd_7d_up	0.65	0.1	10	False	True	True	platt	training_set	euclidean	returns_only	8	16.037164224664224	0.005398447118664553	2644	216	10244
2026-03-16 21:14:02	regime_wf_v3_d1.1019_isotonic_fold_2019	13104	0.6156898656898657	0	0.0	0.0	0.0	0.0	0.0	0.23947	-0.01206	0.02209	fwd_7d_up	regime_wf_v3_d1.1019_isotonic_fold_2019	regime_walkforward_v3_isotonic	2019	2018-12-31	2019	50	1.1019	uniform	fwd_7d_up	0.65	0.1	10	False	True	True	isotonic	training_set	euclidean	returns_only	8	16.037164224664224	0.005398447118664553	2644	216	10244
2026-03-16 21:20:14	regime_wf_v3_d1.1019_platt_fold_2020_COVID	13156	0.5741106719367589	0	0.0	0.0	0.0	0.0	0.0	0.24517	-0.0027	0.0319	fwd_7d_up	regime_wf_v3_d1.1019_platt_fold_2020_COVID	regime_walkforward_v3_platt	2020 (COVID)	2019-12-31	2020	50	1.1019	uniform	fwd_7d_up	0.65	0.1	10	False	True	True	platt	training_set	euclidean	returns_only	8	27.031240498631803	0.0035109602865048698	1300	121	11735
2026-03-16 21:20:14	regime_wf_v3_d1.1019_isotonic_fold_2020_COVID	13156	0.5741106719367589	0	0.0	0.0	0.0	0.0	0.0	0.24516	-0.00268	0.0319	fwd_7d_up	regime_wf_v3_d1.1019_isotonic_fold_2020_COVID	regime_walkforward_v3_isotonic	2020 (COVID)	2019-12-31	2020	50	1.1019	uniform	fwd_7d_up	0.65	0.1	10	False	True	True	isotonic	training_set	euclidean	returns_only	8	27.031240498631803	0.0035109602865048698	1300	121	11735
2026-03-16 21:27:35	regime_wf_v3_d1.1019_platt_fold_2021	13104	0.5768467643467643	0	0.0	0.0	0.0	0.0	0.0	0.24407	-0.00131	0.02352	fwd_7d_up	regime_wf_v3_d1.1019_platt_fold_2021	regime_walkforward_v3_platt	2021	2020-12-31	2021	50	1.1019	uniform	fwd_7d_up	0.65	0.1	10	False	True	True	platt	training_set	euclidean	returns_only	8	42.58646214896215	0.0042015218627278915	1818	70	11216
2026-03-16 21:27:36	regime_wf_v3_d1.1019_isotonic_fold_2021	13104	0.5790598290598291	0	0.0	0.0	0.0	0.0	0.0	0.24425	-0.00207	0.02352	fwd_7d_up	regime_wf_v3_d1.1019_isotonic_fold_2021	regime_walkforward_v3_isotonic	2021	2020-12-31	2021	50	1.1019	uniform	fwd_7d_up	0.65	0.1	10	False	True	True	isotonic	training_set	euclidean	returns_only	8	42.58646214896215	0.0042015218627278915	1818	70	11216
2026-03-16 21:35:44	regime_wf_v3_d1.1019_platt_fold_2022_Bear	13052	0.48697517621820413	0	0.0	0.0	0.0	0.0	0.0	0.25718	-0.02935	0.03342	fwd_7d_up	regime_wf_v3_d1.1019_platt_fold_2022_Bear	regime_walkforward_v3_platt	2022 (Bear)	2021-12-31	2022	50	1.1019	uniform	fwd_7d_up	0.65	0.1	10	False	True	True	platt	training_set	euclidean	returns_only	8	31.09508121360711	0.0047678704048321925	1689	91	11272
2026-03-16 21:35:45	regime_wf_v3_d1.1019_isotonic_fold_2022_Bear	13052	0.4875881091020533	0	0.0	0.0	0.0	0.0	0.0	0.25716	-0.02927	0.03342	fwd_7d_up	regime_wf_v3_d1.1019_isotonic_fold_2022_Bear	regime_walkforward_v3_isotonic	2022 (Bear)	2021-12-31	2022	50	1.1019	uniform	fwd_7d_up	0.65	0.1	10	False	True	True	isotonic	training_set	euclidean	returns_only	8	31.09508121360711	0.0047678704048321925	1689	91	11272
2026-03-16 21:45:03	regime_wf_v3_d1.1019_platt_fold_2023	13000	0.5603076923076923	0	0.0	0.0	0.0	0.0	0.0	0.24679	-0.00305	0.02529	fwd_7d_up	regime_wf_v3_d1.1019_platt_fold_2023	regime_walkforward_v3_platt	2023	2022-12-31	2023	50	1.1019	uniform	fwd_7d_up	0.65	0.1	10	False	True	True	platt	training_set	euclidean	returns_only	8	19.87446153846154	0.00533999797194784	2525	231	10244
2026-03-16 21:45:03	regime_wf_v3_d1.1019_isotonic_fold_2023	13000	0.562923076923077	0	0.0	0.0	0.0	0.0	0.0	0.24705	-0.00409	0.02529	fwd_7d_up	regime_wf_v3_d1.1019_isotonic_fold_2023	regime_walkforward_v3_isotonic	2023	2022-12-31	2023	50	1.1019	uniform	fwd_7d_up	0.65	0.1	10	False	True	True	isotonic	training_set	euclidean	returns_only	8	19.87446153846154	0.00533999797194784	2525	231	10244
2026-03-16 21:55:28	regime_wf_v3_d1.1019_platt_fold_2024_Standard_Val	13104	0.5662393162393162	0	0.0	0.0	0.0	0.0	0.0	0.24548	0.001	0.02459	fwd_7d_up	regime_wf_v3_d1.1019_platt_fold_2024_Standard_Val	regime_walkforward_v3_platt	2024 (Standard Val)	2023-12-31	2024	50	1.1019	uniform	fwd_7d_up	0.65	0.1	10	False	True	True	platt	training_set	euclidean	returns_only	8	41.97687728937729	0.004069656261331473	1647	60	11397
2026-03-16 21:55:28	regime_wf_v3_d1.1019_isotonic_fold_2024_Standard_Val	13104	0.5653998778998779	0	0.0	0.0	0.0	0.0	0.0	0.24555	0.00069	0.02459	fwd_7d_up	regime_wf_v3_d1.1019_isotonic_fold_2024_Standard_Val	regime_walkforward_v3_isotonic	2024 (Standard Val)	2023-12-31	2024	50	1.1019	uniform	fwd_7d_up	0.65	0.1	10	False	True	True	isotonic	training_set	euclidean	returns_only	8	41.97687728937729	0.004069656261331473	1647	60	11397
2026-03-16 22:15:10	regime_wf_v4_d1.1019_platt_fold_2019	13104	0.612408424908425	0	0.0	0.0	0.0	0.0	0.0	0.23948	-0.01211	0.02104	fwd_7d_up	regime_wf_v4_d1.1019_platt_fold_2019	regime_walkforward_v3_platt	2019	2018-12-31	2019	50	1.1019	uniform	fwd_7d_up	0.65	0.1	10	False	True	True	platt	training_set	euclidean	returns_only	8	39.317994505494504	0.003963060140140109	1981	110	11013
2026-03-16 22:15:10	regime_wf_v4_d1.1019_isotonic_fold_2019	13104	0.6156898656898657	0	0.0	0.0	0.0	0.0	0.0	0.23973	-0.01318	0.02104	fwd_7d_up	regime_wf_v4_d1.1019_isotonic_fold_2019	regime_walkforward_v3_isotonic	2019	2018-12-31	2019	50	1.1019	uniform	fwd_7d_up	0.65	0.1	10	False	True	True	isotonic	training_set	euclidean	returns_only	8	39.317994505494504	0.003963060140140109	1981	110	11013
2026-03-16 22:21:25	regime_wf_v4_d1.1019_platt_fold_2020_COVID	13156	0.5741106719367589	0	0.0	0.0	0.0	0.0	0.0	0.24486	-0.00142	0.03214	fwd_7d_up	regime_wf_v4_d1.1019_platt_fold_2020_COVID	regime_walkforward_v3_platt	2020 (COVID)	2019-12-31	2020	50	1.1019	uniform	fwd_7d_up	0.65	0.1	10	False	True	True	platt	training_set	euclidean	returns_only	8	25.10497111584068	0.004118600180662577	1390	107	11659
2026-03-16 22:21:25	regime_wf_v4_d1.1019_isotonic_fold_2020_COVID	13156	0.5741106719367589	0	0.0	0.0	0.0	0.0	0.0	0.24492	-0.0017	0.03214	fwd_7d_up	regime_wf_v4_d1.1019_isotonic_fold_2020_COVID	regime_walkforward_v3_isotonic	2020 (COVID)	2019-12-31	2020	50	1.1019	uniform	fwd_7d_up	0.65	0.1	10	False	True	True	isotonic	training_set	euclidean	returns_only	8	25.10497111584068	0.004118600180662577	1390	107	11659
2026-03-16 22:28:49	regime_wf_v4_d1.1019_platt_fold_2021	13104	0.5768467643467643	0	0.0	0.0	0.0	0.0	0.0	0.24407	-0.00131	0.02352	fwd_7d_up	regime_wf_v4_d1.1019_platt_fold_2021	regime_walkforward_v3_platt	2021	2020-12-31	2021	50	1.1019	uniform	fwd_7d_up	0.65	0.1	10	False	True	True	platt	training_set	euclidean	returns_only	8	42.58646214896215	0.0042015218627278915	1818	70	11216
2026-03-16 22:28:49	regime_wf_v4_d1.1019_isotonic_fold_2021	13104	0.5790598290598291	0	0.0	0.0	0.0	0.0	0.0	0.24425	-0.00207	0.02352	fwd_7d_up	regime_wf_v4_d1.1019_isotonic_fold_2021	regime_walkforward_v3_isotonic	2021	2020-12-31	2021	50	1.1019	uniform	fwd_7d_up	0.65	0.1	10	False	True	True	isotonic	training_set	euclidean	returns_only	8	42.58646214896215	0.0042015218627278915	1818	70	11216
2026-03-16 22:37:01	regime_wf_v4_d1.1019_platt_fold_2022_Bear	13052	0.487434875881091	0	0.0	0.0	0.0	0.0	0.0	0.25786	-0.03208	0.03437	fwd_7d_up	regime_wf_v4_d1.1019_platt_fold_2022_Bear	regime_walkforward_v3_platt	2022 (Bear)	2021-12-31	2022	50	1.1019	uniform	fwd_7d_up	0.65	0.1	10	False	True	True	platt	training_set	euclidean	returns_only	8	21.170165491878638	0.00754091055089643	2542	143	10367
2026-03-16 22:37:02	regime_wf_v4_d1.1019_isotonic_fold_2022_Bear	13052	0.4875881091020533	0	0.0	0.0	0.0	0.0	0.0	0.25832	-0.03391	0.03437	fwd_7d_up	regime_wf_v4_d1.1019_isotonic_fold_2022_Bear	regime_walkforward_v3_isotonic	2022 (Bear)	2021-12-31	2022	50	1.1019	uniform	fwd_7d_up	0.65	0.1	10	False	True	True	isotonic	training_set	euclidean	returns_only	8	21.170165491878638	0.00754091055089643	2542	143	10367
2026-03-16 22:45:50	regime_wf_v4_d1.1019_platt_fold_2023	13000	0.5616923076923077	0	0.0	0.0	0.0	0.0	0.0	0.24611	-0.00029	0.02419	fwd_7d_up	regime_wf_v4_d1.1019_platt_fold_2023	regime_walkforward_v3_platt	2023	2022-12-31	2023	50	1.1019	uniform	fwd_7d_up	0.65	0.1	10	False	True	True	platt	training_set	euclidean	returns_only	8	40.14323076923077	0.005040886345989603	1880	87	11033
2026-03-16 22:45:50	regime_wf_v4_d1.1019_isotonic_fold_2023	13000	0.562923076923077	0	0.0	0.0	0.0	0.0	0.0	0.24617	-0.00052	0.02419	fwd_7d_up	regime_wf_v4_d1.1019_isotonic_fold_2023	regime_walkforward_v3_isotonic	2023	2022-12-31	2023	50	1.1019	uniform	fwd_7d_up	0.65	0.1	10	False	True	True	isotonic	training_set	euclidean	returns_only	8	40.14323076923077	0.005040886345989603	1880	87	11033
2026-03-16 22:55:23	regime_wf_v4_d1.1019_platt_fold_2024_Standard_Val	13104	0.5663156288156288	0	0.0	0.0	0.0	0.0	0.0	0.24547	0.00103	0.02458	fwd_7d_up	regime_wf_v4_d1.1019_platt_fold_2024_Standard_Val	regime_walkforward_v3_platt	2024 (Standard Val)	2023-12-31	2024	50	1.1019	uniform	fwd_7d_up	0.65	0.1	10	False	True	True	platt	training_set	euclidean	returns_only	8	41.92162698412698	0.004084163794737488	1660	62	11382
2026-03-16 22:55:23	regime_wf_v4_d1.1019_isotonic_fold_2024_Standard_Val	13104	0.5653998778998779	0	0.0	0.0	0.0	0.0	0.0	0.24554	0.00074	0.02458	fwd_7d_up	regime_wf_v4_d1.1019_isotonic_fold_2024_Standard_Val	regime_walkforward_v3_isotonic	2024 (Standard Val)	2023-12-31	2024	50	1.1019	uniform	fwd_7d_up	0.65	0.1	10	False	True	True	isotonic	training_set	euclidean	returns_only	8	41.92162698412698	0.004084163794737488	1660	62	11382
2026-03-16 23:09:47	regime_wf_v4_d1.1019_platt_fold_2019	13104	0.612408424908425	12031	0.9181166056166056	0.6142465297980217	0.6142465297980217	1.0	0.7610318727151022	0.23948	-0.01211	0.02104	fwd_7d_up	regime_wf_v4_d1.1019_platt_fold_2019	regime_walkforward_v3_platt	2019	2018-12-31	2019	50	1.1019	uniform	fwd_7d_up	0.55	0.55	0.1	10	False	True	True	platt	training_set	euclidean	returns_only	8	39.317994505494504	0.003963060140140109	6492	1008	5604
2026-03-16 23:09:48	regime_wf_v4_d1.1019_isotonic_fold_2019	13104	0.6156898656898657	10674	0.8145604395604396	0.6127974517519206	0.6127974517519206	1.0	0.7599186755736277	0.23973	-0.01318	0.02104	fwd_7d_up	regime_wf_v4_d1.1019_isotonic_fold_2019	regime_walkforward_v3_isotonic	2019	2018-12-31	2019	50	1.1019	uniform	fwd_7d_up	0.55	0.55	0.1	10	False	True	True	isotonic	training_set	euclidean	returns_only	8	39.317994505494504	0.003963060140140109	6492	1008	5604
2026-03-16 23:15:32	regime_wf_v4_d1.1019_platt_fold_2020_COVID	13156	0.5741106719367589	12286	0.9338704773487382	0.5739052580172554	0.5739052580172554	1.0	0.7292754822361276	0.24486	-0.00142	0.03214	fwd_7d_up	regime_wf_v4_d1.1019_platt_fold_2020_COVID	regime_walkforward_v3_platt	2020 (COVID)	2019-12-31	2020	50	1.1019	uniform	fwd_7d_up	0.55	0.55	0.1	10	False	True	True	platt	training_set	euclidean	returns_only	8	25.10497111584068	0.004118600180662577	4330	670	8156
2026-03-16 23:15:32	regime_wf_v4_d1.1019_isotonic_fold_2020_COVID	13156	0.5741106719367589	12294	0.9344785649133476	0.5739385065885798	0.5739385065885798	1.0	0.7293023255813953	0.24492	-0.0017	0.03214	fwd_7d_up	regime_wf_v4_d1.1019_isotonic_fold_2020_COVID	regime_walkforward_v3_isotonic	2020 (COVID)	2019-12-31	2020	50	1.1019	uniform	fwd_7d_up	0.55	0.55	0.1	10	False	True	True	isotonic	training_set	euclidean	returns_only	8	25.10497111584068	0.004118600180662577	4330	670	8156
2026-03-16 23:22:12	regime_wf_v4_d1.1019_platt_fold_2021	13104	0.5768467643467643	12449	0.9500152625152625	0.5783597076070367	0.5783597076070367	1.0	0.7328617232429131	0.24407	-0.00131	0.02352	fwd_7d_up	regime_wf_v4_d1.1019_platt_fold_2021	regime_walkforward_v3_platt	2021	2020-12-31	2021	50	1.1019	uniform	fwd_7d_up	0.55	0.55	0.1	10	False	True	True	platt	training_set	euclidean	returns_only	8	42.58646214896215	0.0042015218627278915	6802	961	5341
2026-03-16 23:22:12	regime_wf_v4_d1.1019_isotonic_fold_2021	13104	0.5790598290598291	11367	0.867445054945055	0.5770212017242896	0.5770212017242896	1.0	0.7317862322882963	0.24425	-0.00207	0.02352	fwd_7d_up	regime_wf_v4_d1.1019_isotonic_fold_2021	regime_walkforward_v3_isotonic	2021	2020-12-31	2021	50	1.1019	uniform	fwd_7d_up	0.55	0.55	0.1	10	False	True	True	isotonic	training_set	euclidean	returns_only	8	42.58646214896215	0.0042015218627278915	6802	961	5341
2026-03-16 23:29:43	regime_wf_v4_d1.1019_platt_fold_2022_Bear	13052	0.487434875881091	12015	0.920548574931045	0.48764044943820223	0.48764044943820223	1.0	0.6555891238670695	0.25786	-0.03208	0.03437	fwd_7d_up	regime_wf_v4_d1.1019_platt_fold_2022_Bear	regime_walkforward_v3_platt	2022 (Bear)	2021-12-31	2022	50	1.1019	uniform	fwd_7d_up	0.55	0.55	0.1	10	False	True	True	platt	training_set	euclidean	returns_only	8	21.170165491878638	0.00754091055089643	5436	712	6904
2026-03-16 23:29:43	regime_wf_v4_d1.1019_isotonic_fold_2022_Bear	13052	0.4875881091020533	11537	0.8839258351210543	0.48799514605183325	0.48799514605183325	1.0	0.6559095939884663	0.25832	-0.03391	0.03437	fwd_7d_up	regime_wf_v4_d1.1019_isotonic_fold_2022_Bear	regime_walkforward_v3_isotonic	2022 (Bear)	2021-12-31	2022	50	1.1019	uniform	fwd_7d_up	0.55	0.55	0.1	10	False	True	True	isotonic	training_set	euclidean	returns_only	8	21.170165491878638	0.00754091055089643	5436	712	6904
2026-03-16 23:38:12	regime_wf_v4_d1.1019_platt_fold_2023	13000	0.5616923076923077	11750	0.9038461538461539	0.5651063829787234	0.5651063829787234	1.0	0.722131593257205	0.24611	-0.00029	0.02419	fwd_7d_up	regime_wf_v4_d1.1019_platt_fold_2023	regime_walkforward_v3_platt	2023	2022-12-31	2023	50	1.1019	uniform	fwd_7d_up	0.55	0.55	0.1	10	False	True	True	platt	training_set	euclidean	returns_only	8	40.14323076923077	0.005040886345989603	6549	935	5516
2026-03-16 23:38:12	regime_wf_v4_d1.1019_isotonic_fold_2023	13000	0.562923076923077	9011	0.6931538461538461	0.5622017534124958	0.5622017534124958	1.0	0.7197556297506571	0.24617	-0.00052	0.02419	fwd_7d_up	regime_wf_v4_d1.1019_isotonic_fold_2023	regime_walkforward_v3_isotonic	2023	2022-12-31	2023	50	1.1019	uniform	fwd_7d_up	0.55	0.55	0.1	10	False	True	True	isotonic	training_set	euclidean	returns_only	8	40.14323076923077	0.005040886345989603	6549	935	5516
2026-03-16 23:47:44	regime_wf_v4_d1.1019_platt_fold_2024_Standard_Val	13104	0.5663156288156288	11833	0.9030067155067155	0.5686639060255219	0.5686639060255219	1.0	0.7250296304277556	0.24547	0.00103	0.02458	fwd_7d_up	regime_wf_v4_d1.1019_platt_fold_2024_Standard_Val	regime_walkforward_v3_platt	2024 (Standard Val)	2023-12-31	2024	50	1.1019	uniform	fwd_7d_up	0.55	0.55	0.1	10	False	True	True	platt	training_set	euclidean	returns_only	8	41.92162698412698	0.004084163794737488	6472	985	5647
2026-03-16 23:47:44	regime_wf_v4_d1.1019_isotonic_fold_2024_Standard_Val	13104	0.5653998778998779	11338	0.8652319902319903	0.5680896101605222	0.5680896101605222	1.0	0.7245626863153158	0.24554	0.00074	0.02458	fwd_7d_up	regime_wf_v4_d1.1019_isotonic_fold_2024_Standard_Val	regime_walkforward_v3_isotonic	2024 (Standard Val)	2023-12-31	2024	50	1.1019	uniform	fwd_7d_up	0.55	0.55	0.1	10	False	True	True	isotonic	training_set	euclidean	returns_only	8	41.92162698412698	0.004084163794737488	6472	985	5647
2026-03-16 23:52:57	on_c01_v4_d1.1019_t60_platt_fold_2019	13104	0.612408424908425	334	0.025488400488400488	0.6377245508982036	0.6377245508982036	1.0	0.7787934186471663	0.23948	-0.01211	0.02104	fwd_7d_up	on_c01_v4_d1.1019_t60_platt_fold_2019	regime_walkforward_v3_platt	2019	2018-12-31	2019	50	1.1019	uniform	fwd_7d_up	0.6	0.6	0.1	10	False	True	True	platt	training_set	euclidean	returns_only	8	39.317994505494504	0.003963060140140109	4450	426	8228
2026-03-16 23:52:57	on_c01_v4_d1.1019_t60_isotonic_fold_2019	13104	0.6156898656898657	1368	0.1043956043956044	0.6206140350877193	0.6206140350877193	1.0	0.7658998646820027	0.23973	-0.01318	0.02104	fwd_7d_up	on_c01_v4_d1.1019_t60_isotonic_fold_2019	regime_walkforward_v3_isotonic	2019	2018-12-31	2019	50	1.1019	uniform	fwd_7d_up	0.6	0.6	0.1	10	False	True	True	isotonic	training_set	euclidean	returns_only	8	39.317994505494504	0.003963060140140109	4450	426	8228
2026-03-16 23:58:44	on_c01_v4_d1.1019_t60_platt_fold_2020_COVID	13156	0.5741106719367589	791	0.060124657950744904	0.6232616940581542	0.6232616940581542	1.0	0.7679127725856698	0.24486	-0.00142	0.03214	fwd_7d_up	on_c01_v4_d1.1019_t60_platt_fold_2020_COVID	regime_walkforward_v3_platt	2020 (COVID)	2019-12-31	2020	50	1.1019	uniform	fwd_7d_up	0.6	0.6	0.1	10	False	True	True	platt	training_set	euclidean	returns_only	8	25.10497111584068	0.004118600180662577	2975	325	9856
2026-03-16 23:58:44	on_c01_v4_d1.1019_t60_isotonic_fold_2020_COVID	13156	0.5741106719367589	1889	0.14358467619337184	0.5849655902593965	0.5849655902593965	1.0	0.7381429525718103	0.24492	-0.0017	0.03214	fwd_7d_up	on_c01_v4_d1.1019_t60_isotonic_fold_2020_COVID	regime_walkforward_v3_isotonic	2020 (COVID)	2019-12-31	2020	50	1.1019	uniform	fwd_7d_up	0.6	0.6	0.1	10	False	True	True	isotonic	training_set	euclidean	returns_only	8	25.10497111584068	0.004118600180662577	2975	325	9856
2026-03-17 00:05:27	on_c01_v4_d1.1019_t60_platt_fold_2021	13104	0.5768467643467643	329	0.025106837606837608	0.601823708206687	0.601823708206687	1.0	0.7514231499051234	0.24407	-0.00131	0.02352	fwd_7d_up	on_c01_v4_d1.1019_t60_platt_fold_2021	regime_walkforward_v3_platt	2021	2020-12-31	2021	50	1.1019	uniform	fwd_7d_up	0.6	0.6	0.1	10	False	True	True	platt	training_set	euclidean	returns_only	8	42.58646214896215	0.0042015218627278915	4662	378	8064
2026-03-17 00:05:28	on_c01_v4_d1.1019_t60_isotonic_fold_2021	13104	0.5790598290598291	1048	0.07997557997557997	0.5963740458015268	0.5963740458015268	1.0	0.7471607890017932	0.24425	-0.00207	0.02352	fwd_7d_up	on_c01_v4_d1.1019_t60_isotonic_fold_2021	regime_walkforward_v3_isotonic	2021	2020-12-31	2021	50	1.1019	uniform	fwd_7d_up	0.6	0.6	0.1	10	False	True	True	isotonic	training_set	euclidean	returns_only	8	42.58646214896215	0.0042015218627278915	4662	378	8064
2026-03-17 00:12:59	on_c01_v4_d1.1019_t60_platt_fold_2022_Bear	13052	0.487434875881091	1335	0.10228317499233834	0.4868913857677903	0.4868913857677903	1.0	0.654911838790932	0.25786	-0.03208	0.03437	fwd_7d_up	on_c01_v4_d1.1019_t60_platt_fold_2022_Bear	regime_walkforward_v3_platt	2022 (Bear)	2021-12-31	2022	50	1.1019	uniform	fwd_7d_up	0.6	0.6	0.1	10	False	True	True	platt	training_set	euclidean	returns_only	8	21.170165491878638	0.00754091055089643	4203	380	8469
2026-03-17 00:12:59	on_c01_v4_d1.1019_t60_isotonic_fold_2022_Bear	13052	0.4875881091020533	2964	0.22709163346613545	0.4898785425101215	0.4898785425101215	1.0	0.657608695652174	0.25832	-0.03391	0.03437	fwd_7d_up	on_c01_v4_d1.1019_t60_isotonic_fold_2022_Bear	regime_walkforward_v3_isotonic	2022 (Bear)	2021-12-31	2022	50	1.1019	uniform	fwd_7d_up	0.6	0.6	0.1	10	False	True	True	isotonic	training_set	euclidean	returns_only	8	21.170165491878638	0.00754091055089643	4203	380	8469
2026-03-17 00:21:27	on_c01_v4_d1.1019_t60_platt_fold_2023	13000	0.5616923076923077	348	0.02676923076923077	0.5545977011494253	0.5545977011494253	1.0	0.7134935304990758	0.24611	-0.00029	0.02419	fwd_7d_up	on_c01_v4_d1.1019_t60_platt_fold_2023	regime_walkforward_v3_platt	2023	2022-12-31	2023	50	1.1019	uniform	fwd_7d_up	0.6	0.6	0.1	10	False	True	True	platt	training_set	euclidean	returns_only	8	40.14323076923077	0.005040886345989603	4424	368	8208
2026-03-17 00:21:27	on_c01_v4_d1.1019_t60_isotonic_fold_2023	13000	0.562923076923077	944	0.07261538461538461	0.576271186440678	0.576271186440678	1.0	0.7311827956989247	0.24617	-0.00052	0.02419	fwd_7d_up	on_c01_v4_d1.1019_t60_isotonic_fold_2023	regime_walkforward_v3_isotonic	2023	2022-12-31	2023	50	1.1019	uniform	fwd_7d_up	0.6	0.6	0.1	10	False	True	True	isotonic	training_set	euclidean	returns_only	8	40.14323076923077	0.005040886345989603	4424	368	8208
2026-03-17 00:30:55	on_c01_v4_d1.1019_t60_platt_fold_2024_Standard_Val	13104	0.5663156288156288	250	0.01907814407814408	0.616	0.616	1.0	0.7623762376237624	0.24547	0.00103	0.02458	fwd_7d_up	on_c01_v4_d1.1019_t60_platt_fold_2024_Standard_Val	regime_walkforward_v3_platt	2024 (Standard Val)	2023-12-31	2024	50	1.1019	uniform	fwd_7d_up	0.6	0.6	0.1	10	False	True	True	platt	training_set	euclidean	returns_only	8	41.92162698412698	0.004084163794737488	4248	366	8490
2026-03-17 00:30:56	on_c01_v4_d1.1019_t60_isotonic_fold_2024_Standard_Val	13104	0.5653998778998779	569	0.04342185592185592	0.6115992970123023	0.6115992970123023	1.0	0.7589967284623773	0.24554	0.00074	0.02458	fwd_7d_up	on_c01_v4_d1.1019_t60_isotonic_fold_2024_Standard_Val	regime_walkforward_v3_isotonic	2024 (Standard Val)	2023-12-31	2024	50	1.1019	uniform	fwd_7d_up	0.6	0.6	0.1	10	False	True	True	isotonic	training_set	euclidean	returns_only	8	41.92162698412698	0.004084163794737488	4248	366	8490
2026-03-17 00:36:09	on_c02_v4_d1.2457_t60_platt_fold_2019	13104	0.612408424908425	368	0.028083028083028084	0.654891304347826	0.654891304347826	1.0	0.7914614121510674	0.23952	-0.01228	0.02125	fwd_7d_up	on_c02_v4_d1.2457_t60_platt_fold_2019	regime_walkforward_v3_platt	2019	2018-12-31	2019	50	1.2457	uniform	fwd_7d_up	0.6	0.6	0.1	10	False	True	True	platt	training_set	euclidean	returns_only	8	41.39384920634921	0.004069433870757472	4645	450	8009
2026-03-17 00:36:09	on_c02_v4_d1.2457_t60_isotonic_fold_2019	13104	0.6156898656898657	1298	0.09905372405372405	0.6271186440677966	0.6271186440677966	1.0	0.7708333333333334	0.2398	-0.01345	0.02125	fwd_7d_up	on_c02_v4_d1.2457_t60_isotonic_fold_2019	regime_walkforward_v3_isotonic	2019	2018-12-31	2019	50	1.2457	uniform	fwd_7d_up	0.6	0.6	0.1	10	False	True	True	isotonic	training_set	euclidean	returns_only	8	41.39384920634921	0.004069433870757472	4645	450	8009
2026-03-17 00:41:56	on_c02_v4_d1.2457_t60_platt_fold_2020_COVID	13156	0.5693979933110368	829	0.0630130738826391	0.6308805790108565	0.6308805790108565	1.0	0.7736686390532544	0.24465	-0.00059	0.03255	fwd_7d_up	on_c02_v4_d1.2457_t60_platt_fold_2020_COVID	regime_walkforward_v3_platt	2020 (COVID)	2019-12-31	2020	50	1.2457	uniform	fwd_7d_up	0.6	0.6	0.1	10	False	True	True	platt	training_set	euclidean	returns_only	8	28.015734265734267	0.004767773184585207	3354	371	9431
2026-03-17 00:41:56	on_c02_v4_d1.2457_t60_isotonic_fold_2020_COVID	13156	0.5741106719367589	1651	0.12549407114624506	0.6165960024227741	0.6165960024227741	1.0	0.7628325215436493	0.24476	-0.00105	0.03255	fwd_7d_up	on_c02_v4_d1.2457_t60_isotonic_fold_2020_COVID	regime_walkforward_v3_isotonic	2020 (COVID)	2019-12-31	2020	50	1.2457	uniform	fwd_7d_up	0.6	0.6	0.1	10	False	True	True	isotonic	training_set	euclidean	returns_only	8	28.015734265734267	0.004767773184585207	3354	371	9431
2026-03-17 00:48:42	on_c02_v4_d1.2457_t60_platt_fold_2021	13104	0.5782203907203908	356	0.027167277167277168	0.5955056179775281	0.5955056179775281	1.0	0.7464788732394366	0.24415	-0.00166	0.02363	fwd_7d_up	on_c02_v4_d1.2457_t60_platt_fold_2021	regime_walkforward_v3_platt	2021	2020-12-31	2021	50	1.2457	uniform	fwd_7d_up	0.6	0.6	0.1	10	False	True	True	platt	training_set	euclidean	returns_only	8	44.605845543345545	0.004332258723695837	4815	378	7911
2026-03-17 00:48:42	on_c02_v4_d1.2457_t60_isotonic_fold_2021	13104	0.5790598290598291	967	0.0737942612942613	0.5915201654601862	0.5915201654601862	1.0	0.7433398310591293	0.24431	-0.00231	0.02363	fwd_7d_up	on_c02_v4_d1.2457_t60_isotonic_fold_2021	regime_walkforward_v3_isotonic	2021	2020-12-31	2021	50	1.2457	uniform	fwd_7d_up	0.6	0.6	0.1	10	False	True	True	isotonic	training_set	euclidean	returns_only	8	44.605845543345545	0.004332258723695837	4815	378	7911
2026-03-17 00:56:15	on_c02_v4_d1.2457_t60_platt_fold_2022_Bear	13052	0.48774134232301564	1613	0.12358259270609868	0.504649721016739	0.504649721016739	1.0	0.6707869798104656	0.25784	-0.03199	0.03464	fwd_7d_up	on_c02_v4_d1.2457_t60_platt_fold_2022_Bear	regime_walkforward_v3_platt	2022 (Bear)	2021-12-31	2022	50	1.2457	uniform	fwd_7d_up	0.6	0.6	0.1	10	False	True	True	platt	training_set	euclidean	returns_only	8	25.220962304627644	0.00769720147867013	4824	435	7793
2026-03-17 00:56:15	on_c02_v4_d1.2457_t60_isotonic_fold_2022_Bear	13052	0.4875881091020533	2902	0.222341403616304	0.4948311509303928	0.4948311509303928	1.0	0.6620562471184878	0.25836	-0.03407	0.03464	fwd_7d_up	on_c02_v4_d1.2457_t60_isotonic_fold_2022_Bear	regime_walkforward_v3_isotonic	2022 (Bear)	2021-12-31	2022	50	1.2457	uniform	fwd_7d_up	0.6	0.6	0.1	10	False	True	True	isotonic	training_set	euclidean	returns_only	8	25.220962304627644	0.00769720147867013	4824	435	7793
2026-03-17 01:04:48	on_c02_v4_d1.2457_t60_platt_fold_2023	13000	0.5606153846153846	332	0.025538461538461538	0.5903614457831325	0.5903614457831325	1.0	0.7424242424242424	0.24621	-0.0007	0.02444	fwd_7d_up	on_c02_v4_d1.2457_t60_platt_fold_2023	regime_walkforward_v3_platt	2023	2022-12-31	2023	50	1.2457	uniform	fwd_7d_up	0.6	0.6	0.1	10	False	True	True	platt	training_set	euclidean	returns_only	8	42.372461538461536	0.005057560272640622	4584	391	8025
2026-03-17 01:04:48	on_c02_v4_d1.2457_t60_isotonic_fold_2023	13000	0.562923076923077	622	0.047846153846153844	0.5819935691318328	0.5819935691318328	1.0	0.7357723577235772	0.24626	-0.00088	0.02444	fwd_7d_up	on_c02_v4_d1.2457_t60_isotonic_fold_2023	regime_walkforward_v3_isotonic	2023	2022-12-31	2023	50	1.2457	uniform	fwd_7d_up	0.6	0.6	0.1	10	False	True	True	isotonic	training_set	euclidean	returns_only	8	42.372461538461536	0.005057560272640622	4584	391	8025
2026-03-17 01:14:15	on_c02_v4_d1.2457_t60_platt_fold_2024_Standard_Val	13104	0.5645604395604396	195	0.01488095238095238	0.5897435897435898	0.5897435897435898	1.0	0.7419354838709677	0.2456	0.00049	0.02477	fwd_7d_up	on_c02_v4_d1.2457_t60_platt_fold_2024_Standard_Val	regime_walkforward_v3_platt	2024 (Standard Val)	2023-12-31	2024	50	1.2457	uniform	fwd_7d_up	0.6	0.6	0.1	10	False	True	True	platt	training_set	euclidean	returns_only	8	43.884310134310134	0.003999456237812694	4385	388	8331
2026-03-17 01:14:15	on_c02_v4_d1.2457_t60_isotonic_fold_2024_Standard_Val	13104	0.5653998778998779	924	0.07051282051282051	0.6006493506493507	0.6006493506493507	1.0	0.7505070993914807	0.2456	0.0005	0.02477	fwd_7d_up	on_c02_v4_d1.2457_t60_isotonic_fold_2024_Standard_Val	regime_walkforward_v3_isotonic	2024 (Standard Val)	2023-12-31	2024	50	1.2457	uniform	fwd_7d_up	0.6	0.6	0.1	10	False	True	True	isotonic	training_set	euclidean	returns_only	8	43.884310134310134	0.003999456237812694	4385	388	8331
2026-03-17 01:19:24	on_c03_v4_d1.1019_t55_platt_fold_2019	13104	0.612408424908425	12031	0.9181166056166056	0.6142465297980217	0.6142465297980217	1.0	0.7610318727151022	0.23948	-0.01211	0.02104	fwd_7d_up	on_c03_v4_d1.1019_t55_platt_fold_2019	regime_walkforward_v3_platt	2019	2018-12-31	2019	50	1.1019	uniform	fwd_7d_up	0.55	0.55	0.1	10	False	True	True	platt	training_set	euclidean	returns_only	8	39.317994505494504	0.003963060140140109	6492	1008	5604
2026-03-17 01:19:24	on_c03_v4_d1.1019_t55_isotonic_fold_2019	13104	0.6156898656898657	10674	0.8145604395604396	0.6127974517519206	0.6127974517519206	1.0	0.7599186755736277	0.23973	-0.01318	0.02104	fwd_7d_up	on_c03_v4_d1.1019_t55_isotonic_fold_2019	regime_walkforward_v3_isotonic	2019	2018-12-31	2019	50	1.1019	uniform	fwd_7d_up	0.55	0.55	0.1	10	False	True	True	isotonic	training_set	euclidean	returns_only	8	39.317994505494504	0.003963060140140109	6492	1008	5604
2026-03-17 01:25:06	on_c03_v4_d1.1019_t55_platt_fold_2020_COVID	13156	0.5741106719367589	12286	0.9338704773487382	0.5739052580172554	0.5739052580172554	1.0	0.7292754822361276	0.24486	-0.00142	0.03214	fwd_7d_up	on_c03_v4_d1.1019_t55_platt_fold_2020_COVID	regime_walkforward_v3_platt	2020 (COVID)	2019-12-31	2020	50	1.1019	uniform	fwd_7d_up	0.55	0.55	0.1	10	False	True	True	platt	training_set	euclidean	returns_only	8	25.10497111584068	0.004118600180662577	4330	670	8156
2026-03-17 01:25:07	on_c03_v4_d1.1019_t55_isotonic_fold_2020_COVID	13156	0.5741106719367589	12294	0.9344785649133476	0.5739385065885798	0.5739385065885798	1.0	0.7293023255813953	0.24492	-0.0017	0.03214	fwd_7d_up	on_c03_v4_d1.1019_t55_isotonic_fold_2020_COVID	regime_walkforward_v3_isotonic	2020 (COVID)	2019-12-31	2020	50	1.1019	uniform	fwd_7d_up	0.55	0.55	0.1	10	False	True	True	isotonic	training_set	euclidean	returns_only	8	25.10497111584068	0.004118600180662577	4330	670	8156
2026-03-17 01:31:44	on_c03_v4_d1.1019_t55_platt_fold_2021	13104	0.5768467643467643	12449	0.9500152625152625	0.5783597076070367	0.5783597076070367	1.0	0.7328617232429131	0.24407	-0.00131	0.02352	fwd_7d_up	on_c03_v4_d1.1019_t55_platt_fold_2021	regime_walkforward_v3_platt	2021	2020-12-31	2021	50	1.1019	uniform	fwd_7d_up	0.55	0.55	0.1	10	False	True	True	platt	training_set	euclidean	returns_only	8	42.58646214896215	0.0042015218627278915	6802	961	5341
2026-03-17 01:31:44	on_c03_v4_d1.1019_t55_isotonic_fold_2021	13104	0.5790598290598291	11367	0.867445054945055	0.5770212017242896	0.5770212017242896	1.0	0.7317862322882963	0.24425	-0.00207	0.02352	fwd_7d_up	on_c03_v4_d1.1019_t55_isotonic_fold_2021	regime_walkforward_v3_isotonic	2021	2020-12-31	2021	50	1.1019	uniform	fwd_7d_up	0.55	0.55	0.1	10	False	True	True	isotonic	training_set	euclidean	returns_only	8	42.58646214896215	0.0042015218627278915	6802	961	5341
2026-03-17 01:39:10	on_c03_v4_d1.1019_t55_platt_fold_2022_Bear	13052	0.487434875881091	12015	0.920548574931045	0.48764044943820223	0.48764044943820223	1.0	0.6555891238670695	0.25786	-0.03208	0.03437	fwd_7d_up	on_c03_v4_d1.1019_t55_platt_fold_2022_Bear	regime_walkforward_v3_platt	2022 (Bear)	2021-12-31	2022	50	1.1019	uniform	fwd_7d_up	0.55	0.55	0.1	10	False	True	True	platt	training_set	euclidean	returns_only	8	21.170165491878638	0.00754091055089643	5436	712	6904
2026-03-17 01:39:10	on_c03_v4_d1.1019_t55_isotonic_fold_2022_Bear	13052	0.4875881091020533	11537	0.8839258351210543	0.48799514605183325	0.48799514605183325	1.0	0.6559095939884663	0.25832	-0.03391	0.03437	fwd_7d_up	on_c03_v4_d1.1019_t55_isotonic_fold_2022_Bear	regime_walkforward_v3_isotonic	2022 (Bear)	2021-12-31	2022	50	1.1019	uniform	fwd_7d_up	0.55	0.55	0.1	10	False	True	True	isotonic	training_set	euclidean	returns_only	8	21.170165491878638	0.00754091055089643	5436	712	6904
2026-03-17 01:47:41	on_c03_v4_d1.1019_t55_platt_fold_2023	13000	0.5616923076923077	11750	0.9038461538461539	0.5651063829787234	0.5651063829787234	1.0	0.722131593257205	0.24611	-0.00029	0.02419	fwd_7d_up	on_c03_v4_d1.1019_t55_platt_fold_2023	regime_walkforward_v3_platt	2023	2022-12-31	2023	50	1.1019	uniform	fwd_7d_up	0.55	0.55	0.1	10	False	True	True	platt	training_set	euclidean	returns_only	8	40.14323076923077	0.005040886345989603	6549	935	5516
2026-03-17 01:47:41	on_c03_v4_d1.1019_t55_isotonic_fold_2023	13000	0.562923076923077	9011	0.6931538461538461	0.5622017534124958	0.5622017534124958	1.0	0.7197556297506571	0.24617	-0.00052	0.02419	fwd_7d_up	on_c03_v4_d1.1019_t55_isotonic_fold_2023	regime_walkforward_v3_isotonic	2023	2022-12-31	2023	50	1.1019	uniform	fwd_7d_up	0.55	0.55	0.1	10	False	True	True	isotonic	training_set	euclidean	returns_only	8	40.14323076923077	0.005040886345989603	6549	935	5516
2026-03-17 01:57:04	on_c03_v4_d1.1019_t55_platt_fold_2024_Standard_Val	13104	0.5663156288156288	11833	0.9030067155067155	0.5686639060255219	0.5686639060255219	1.0	0.7250296304277556	0.24547	0.00103	0.02458	fwd_7d_up	on_c03_v4_d1.1019_t55_platt_fold_2024_Standard_Val	regime_walkforward_v3_platt	2024 (Standard Val)	2023-12-31	2024	50	1.1019	uniform	fwd_7d_up	0.55	0.55	0.1	10	False	True	True	platt	training_set	euclidean	returns_only	8	41.92162698412698	0.004084163794737488	6472	985	5647
2026-03-17 01:57:04	on_c03_v4_d1.1019_t55_isotonic_fold_2024_Standard_Val	13104	0.5653998778998779	11338	0.8652319902319903	0.5680896101605222	0.5680896101605222	1.0	0.7245626863153158	0.24554	0.00074	0.02458	fwd_7d_up	on_c03_v4_d1.1019_t55_isotonic_fold_2024_Standard_Val	regime_walkforward_v3_isotonic	2024 (Standard Val)	2023-12-31	2024	50	1.1019	uniform	fwd_7d_up	0.55	0.55	0.1	10	False	True	True	isotonic	training_set	euclidean	returns_only	8	41.92162698412698	0.004084163794737488	6472	985	5647
2026-03-17 02:02:12	on_c04_v4_d1.5_t60_platt_fold_2019	13104	0.6141636141636142	462	0.035256410256410256	0.6493506493506493	0.6493506493506493	1.0	0.7874015748031497	0.23957	-0.01249	0.02145	fwd_7d_up	on_c04_v4_d1.5_t60_platt_fold_2019	regime_walkforward_v3_platt	2019	2018-12-31	2019	50	1.5	uniform	fwd_7d_up	0.6	0.6	0.1	10	False	True	True	platt	training_set	euclidean	returns_only	8	43.65361721611722	0.004319867962230054	4830	443	7831
2026-03-17 02:02:13	on_c04_v4_d1.5_t60_isotonic_fold_2019	13104	0.6156898656898657	1218	0.09294871794871795	0.6313628899835796	0.6313628899835796	1.0	0.774031202818319	0.23979	-0.01341	0.02145	fwd_7d_up	on_c04_v4_d1.5_t60_isotonic_fold_2019	regime_walkforward_v3_isotonic	2019	2018-12-31	2019	50	1.5	uniform	fwd_7d_up	0.6	0.6	0.1	10	False	True	True	isotonic	training_set	euclidean	returns_only	8	43.65361721611722	0.004319867962230054	4830	443	7831
2026-03-17 02:07:56	on_c04_v4_d1.5_t60_platt_fold_2020_COVID	13156	0.5717543326238979	972	0.0738826391000304	0.6121399176954733	0.6121399176954733	1.0	0.7594128908742821	0.24466	-0.00064	0.03335	fwd_7d_up	on_c04_v4_d1.5_t60_platt_fold_2020_COVID	regime_walkforward_v3_platt	2020 (COVID)	2019-12-31	2020	50	1.5	uniform	fwd_7d_up	0.6	0.6	0.1	10	False	True	True	platt	training_set	euclidean	returns_only	8	32.077379142596534	0.005252235302563801	3854	399	8903
2026-03-17 02:07:56	on_c04_v4_d1.5_t60_isotonic_fold_2020_COVID	13156	0.5741106719367589	1141	0.08672848890240195	0.6073619631901841	0.6073619631901841	1.0	0.7557251908396947	0.24471	-0.00081	0.03335	fwd_7d_up	on_c04_v4_d1.5_t60_isotonic_fold_2020_COVID	regime_walkforward_v3_isotonic	2020 (COVID)	2019-12-31	2020	50	1.5	uniform	fwd_7d_up	0.6	0.6	0.1	10	False	True	True	isotonic	training_set	euclidean	returns_only	8	32.077379142596534	0.005252235302563801	3854	399	8903
2026-03-17 02:14:35	on_c04_v4_d1.5_t60_platt_fold_2021	13104	0.5784493284493285	565	0.043116605616605616	0.6088495575221239	0.6088495575221239	1.0	0.7568756875687569	0.24424	-0.00202	0.02373	fwd_7d_up	on_c04_v4_d1.5_t60_platt_fold_2021	regime_walkforward_v3_platt	2021	2020-12-31	2021	50	1.5	uniform	fwd_7d_up	0.6	0.6	0.1	10	False	True	True	platt	training_set	euclidean	returns_only	8	46.75648656898657	0.004650248376107872	4951	380	7773
2026-03-17 02:14:35	on_c04_v4_d1.5_t60_isotonic_fold_2021	13104	0.5782967032967034	892	0.06807081807081806	0.5964125560538116	0.5964125560538116	1.0	0.7471910112359551	0.24433	-0.00238	0.02373	fwd_7d_up	on_c04_v4_d1.5_t60_isotonic_fold_2021	regime_walkforward_v3_isotonic	2021	2020-12-31	2021	50	1.5	uniform	fwd_7d_up	0.6	0.6	0.1	10	False	True	True	isotonic	training_set	euclidean	returns_only	8	46.75648656898657	0.004650248376107872	4951	380	7773
2026-03-17 02:22:03	on_c04_v4_d1.5_t60_platt_fold_2022_Bear	13052	0.48881397486975176	1718	0.13162733680661967	0.49650756693830034	0.49650756693830034	1.0	0.6635550369506029	0.25807	-0.0329	0.03535	fwd_7d_up	on_c04_v4_d1.5_t60_platt_fold_2022_Bear	regime_walkforward_v3_platt	2022 (Bear)	2021-12-31	2022	50	1.5	uniform	fwd_7d_up	0.6	0.6	0.1	10	False	True	True	platt	training_set	euclidean	returns_only	8	30.491725406068035	0.008036400536591399	5384	440	7228
2026-03-17 02:22:04	on_c04_v4_d1.5_t60_isotonic_fold_2022_Bear	13052	0.48904382470119523	2704	0.20717131474103587	0.48779585798816566	0.48779585798816566	1.0	0.6557295550584141	0.25861	-0.03509	0.03535	fwd_7d_up	on_c04_v4_d1.5_t60_isotonic_fold_2022_Bear	regime_walkforward_v3_isotonic	2022 (Bear)	2021-12-31	2022	50	1.5	uniform	fwd_7d_up	0.6	0.6	0.1	10	False	True	True	isotonic	training_set	euclidean	returns_only	8	30.491725406068035	0.008036400536591399	5384	440	7228
2026-03-17 02:30:30	on_c04_v4_d1.5_t60_platt_fold_2023	13000	0.5603076923076923	365	0.028076923076923076	0.5835616438356165	0.5835616438356165	1.0	0.7370242214532872	0.24618	-0.00055	0.02475	fwd_7d_up	on_c04_v4_d1.5_t60_platt_fold_2023	regime_walkforward_v3_platt	2023	2022-12-31	2023	50	1.5	uniform	fwd_7d_up	0.6	0.6	0.1	10	False	True	True	platt	training_set	euclidean	returns_only	8	44.68561538461538	0.005007194265770572	4805	379	7816
2026-03-17 02:30:30	on_c04_v4_d1.5_t60_isotonic_fold_2023	13000	0.5604615384615385	734	0.05646153846153846	0.5844686648501363	0.5844686648501363	1.0	0.7377472055030094	0.24613	-0.00034	0.02475	fwd_7d_up	on_c04_v4_d1.5_t60_isotonic_fold_2023	regime_walkforward_v3_isotonic	2023	2022-12-31	2023	50	1.5	uniform	fwd_7d_up	0.6	0.6	0.1	10	False	True	True	isotonic	training_set	euclidean	returns_only	8	44.68561538461538	0.005007194265770572	4805	379	7816
2026-03-17 02:39:55	on_c04_v4_d1.5_t60_platt_fold_2024_Standard_Val	13104	0.5643315018315018	194	0.014804639804639804	0.6185567010309279	0.6185567010309279	1.0	0.7643312101910829	0.24573	-2e-05	0.02521	fwd_7d_up	on_c04_v4_d1.5_t60_platt_fold_2024_Standard_Val	regime_walkforward_v3_platt	2024 (Standard Val)	2023-12-31	2024	50	1.5	uniform	fwd_7d_up	0.6	0.6	0.1	10	False	True	True	platt	training_set	euclidean	returns_only	8	46.071199633699635	0.0040847283991473525	4499	396	8209
2026-03-17 02:39:55	on_c04_v4_d1.5_t60_isotonic_fold_2024_Standard_Val	13104	0.5638736263736264	832	0.06349206349206349	0.6045673076923077	0.6045673076923077	1.0	0.753558052434457	0.24569	0.00012	0.02521	fwd_7d_up	on_c04_v4_d1.5_t60_isotonic_fold_2024_Standard_Val	regime_walkforward_v3_isotonic	2024 (Standard Val)	2023-12-31	2024	50	1.5	uniform	fwd_7d_up	0.6	0.6	0.1	10	False	True	True	isotonic	training_set	euclidean	returns_only	8	46.071199633699635	0.0040847283991473525	4499	396	8209
2026-03-17 02:45:05	on_c05_v4_d1.2457_t55_platt_fold_2019	13104	0.612408424908425	11722	0.8945360195360196	0.6130353182050845	0.6130353182050845	1.0	0.7601015443198647	0.23952	-0.01228	0.02125	fwd_7d_up	on_c05_v4_d1.2457_t55_platt_fold_2019	regime_walkforward_v3_platt	2019	2018-12-31	2019	50	1.2457	uniform	fwd_7d_up	0.55	0.55	0.1	10	False	True	True	platt	training_set	euclidean	returns_only	8	41.39384920634921	0.004069433870757472	6776	1054	5274
2026-03-17 02:45:05	on_c05_v4_d1.2457_t55_isotonic_fold_2019	13104	0.6156898656898657	9109	0.6951312576312576	0.6086288286310243	0.6086288286310243	1.0	0.7567051115812462	0.2398	-0.01345	0.02125	fwd_7d_up	on_c05_v4_d1.2457_t55_isotonic_fold_2019	regime_walkforward_v3_isotonic	2019	2018-12-31	2019	50	1.2457	uniform	fwd_7d_up	0.55	0.55	0.1	10	False	True	True	isotonic	training_set	euclidean	returns_only	8	41.39384920634921	0.004069433870757472	6776	1054	5274
2026-03-17 02:50:50	on_c05_v4_d1.2457_t55_platt_fold_2020_COVID	13156	0.5693979933110368	12184	0.9261173608999695	0.5741135915955351	0.5741135915955351	1.0	0.7294436623390166	0.24465	-0.00059	0.03255	fwd_7d_up	on_c05_v4_d1.2457_t55_platt_fold_2020_COVID	regime_walkforward_v3_platt	2020 (COVID)	2019-12-31	2020	50	1.2457	uniform	fwd_7d_up	0.55	0.55	0.1	10	False	True	True	platt	training_set	euclidean	returns_only	8	28.015734265734267	0.004767773184585207	4831	761	7564
2026-03-17 02:50:50	on_c05_v4_d1.2457_t55_isotonic_fold_2020_COVID	13156	0.5741106719367589	12349	0.9386591669200365	0.5744594704024617	0.5744594704024617	1.0	0.7297227794064702	0.24476	-0.00105	0.03255	fwd_7d_up	on_c05_v4_d1.2457_t55_isotonic_fold_2020_COVID	regime_walkforward_v3_isotonic	2020 (COVID)	2019-12-31	2020	50	1.2457	uniform	fwd_7d_up	0.55	0.55	0.1	10	False	True	True	isotonic	training_set	euclidean	returns_only	8	28.015734265734267	0.004767773184585207	4831	761	7564
2026-03-17 02:57:29	on_c05_v4_d1.2457_t55_platt_fold_2021	13104	0.5782203907203908	12257	0.9353632478632479	0.5786897283185118	0.5786897283185118	1.0	0.7331266149870801	0.24415	-0.00166	0.02363	fwd_7d_up	on_c05_v4_d1.2457_t55_platt_fold_2021	regime_walkforward_v3_platt	2021	2020-12-31	2021	50	1.2457	uniform	fwd_7d_up	0.55	0.55	0.1	10	False	True	True	platt	training_set	euclidean	returns_only	8	44.605845543345545	0.004332258723695837	7067	992	5045
2026-03-17 02:57:30	on_c05_v4_d1.2457_t55_isotonic_fold_2021	13104	0.5790598290598291	11383	0.8686660561660562	0.57656153913731	0.57656153913731	1.0	0.7314164716371336	0.24431	-0.00231	0.02363	fwd_7d_up	on_c05_v4_d1.2457_t55_isotonic_fold_2021	regime_walkforward_v3_isotonic	2021	2020-12-31	2021	50	1.2457	uniform	fwd_7d_up	0.55	0.55	0.1	10	False	True	True	isotonic	training_set	euclidean	returns_only	8	44.605845543345545	0.004332258723695837	7067	992	5045
2026-03-17 03:04:57	on_c05_v4_d1.2457_t55_platt_fold_2022_Bear	13052	0.48774134232301564	11840	0.9071406680968434	0.4883445945945946	0.4883445945945946	1.0	0.6562251730791057	0.25784	-0.03199	0.03464	fwd_7d_up	on_c05_v4_d1.2457_t55_platt_fold_2022_Bear	regime_walkforward_v3_platt	2022 (Bear)	2021-12-31	2022	50	1.2457	uniform	fwd_7d_up	0.55	0.55	0.1	10	False	True	True	platt	training_set	euclidean	returns_only	8	25.220962304627644	0.00769720147867013	6232	787	6033
2026-03-17 03:04:57	on_c05_v4_d1.2457_t55_isotonic_fold_2022_Bear	13052	0.4875881091020533	12164	0.9319644498927367	0.4874219006905623	0.4874219006905623	1.0	0.6553915879069253	0.25836	-0.03407	0.03464	fwd_7d_up	on_c05_v4_d1.2457_t55_isotonic_fold_2022_Bear	regime_walkforward_v3_isotonic	2022 (Bear)	2021-12-31	2022	50	1.2457	uniform	fwd_7d_up	0.55	0.55	0.1	10	False	True	True	isotonic	training_set	euclidean	returns_only	8	25.220962304627644	0.00769720147867013	6232	787	6033
2026-03-17 03:13:22	on_c05_v4_d1.2457_t55_platt_fold_2023	13000	0.5606153846153846	11334	0.8718461538461538	0.5650255867301923	0.5650255867301923	1.0	0.722065621828842	0.24621	-0.0007	0.02444	fwd_7d_up	on_c05_v4_d1.2457_t55_platt_fold_2023	regime_walkforward_v3_platt	2023	2022-12-31	2023	50	1.2457	uniform	fwd_7d_up	0.55	0.55	0.1	10	False	True	True	platt	training_set	euclidean	returns_only	8	42.372461538461536	0.005057560272640622	6834	945	5221
2026-03-17 03:13:22	on_c05_v4_d1.2457_t55_isotonic_fold_2023	13000	0.562923076923077	9241	0.7108461538461538	0.5619521696786062	0.5619521696786062	1.0	0.7195510599972288	0.24626	-0.00088	0.02444	fwd_7d_up	on_c05_v4_d1.2457_t55_isotonic_fold_2023	regime_walkforward_v3_isotonic	2023	2022-12-31	2023	50	1.2457	uniform	fwd_7d_up	0.55	0.55	0.1	10	False	True	True	isotonic	training_set	euclidean	returns_only	8	42.372461538461536	0.005057560272640622	6834	945	5221
2026-03-17 03:22:46	on_c05_v4_d1.2457_t55_platt_fold_2024_Standard_Val	13104	0.5645604395604396	11822	0.9021672771672772	0.5683471493825072	0.5683471493825072	1.0	0.7247721266382612	0.2456	0.00049	0.02477	fwd_7d_up	on_c05_v4_d1.2457_t55_platt_fold_2024_Standard_Val	regime_walkforward_v3_platt	2024 (Standard Val)	2023-12-31	2024	50	1.2457	uniform	fwd_7d_up	0.55	0.55	0.1	10	False	True	True	platt	training_set	euclidean	returns_only	8	43.884310134310134	0.003999456237812694	6701	1030	5373
2026-03-17 03:22:46	on_c05_v4_d1.2457_t55_isotonic_fold_2024_Standard_Val	13104	0.5653998778998779	9130	0.6967338217338217	0.5750273822562979	0.5750273822562979	1.0	0.7301808066759388	0.2456	0.0005	0.02477	fwd_7d_up	on_c05_v4_d1.2457_t55_isotonic_fold_2024_Standard_Val	regime_walkforward_v3_isotonic	2024 (Standard Val)	2023-12-31	2024	50	1.2457	uniform	fwd_7d_up	0.55	0.55	0.1	10	False	True	True	isotonic	training_set	euclidean	returns_only	8	43.884310134310134	0.003999456237812694	6701	1030	5373
2026-03-17 03:27:55	on_c06_v4_d1.1019_t65_platt_fold_2019	13104	0.612408424908425	0	0.0	0.0	0.0	0.0	0.0	0.23948	-0.01211	0.02104	fwd_7d_up	on_c06_v4_d1.1019_t65_platt_fold_2019	regime_walkforward_v3_platt	2019	2018-12-31	2019	50	1.1019	uniform	fwd_7d_up	0.65	0.65	0.1	10	False	True	True	platt	training_set	euclidean	returns_only	8	39.317994505494504	0.003963060140140109	1981	110	11013
2026-03-17 03:27:55	on_c06_v4_d1.1019_t65_isotonic_fold_2019	13104	0.6156898656898657	0	0.0	0.0	0.0	0.0	0.0	0.23973	-0.01318	0.02104	fwd_7d_up	on_c06_v4_d1.1019_t65_isotonic_fold_2019	regime_walkforward_v3_isotonic	2019	2018-12-31	2019	50	1.1019	uniform	fwd_7d_up	0.65	0.65	0.1	10	False	True	True	isotonic	training_set	euclidean	returns_only	8	39.317994505494504	0.003963060140140109	1981	110	11013
2026-03-17 03:33:38	on_c06_v4_d1.1019_t65_platt_fold_2020_COVID	13156	0.5741106719367589	0	0.0	0.0	0.0	0.0	0.0	0.24486	-0.00142	0.03214	fwd_7d_up	on_c06_v4_d1.1019_t65_platt_fold_2020_COVID	regime_walkforward_v3_platt	2020 (COVID)	2019-12-31	2020	50	1.1019	uniform	fwd_7d_up	0.65	0.65	0.1	10	False	True	True	platt	training_set	euclidean	returns_only	8	25.10497111584068	0.004118600180662577	1390	107	11659
2026-03-17 03:33:39	on_c06_v4_d1.1019_t65_isotonic_fold_2020_COVID	13156	0.5741106719367589	0	0.0	0.0	0.0	0.0	0.0	0.24492	-0.0017	0.03214	fwd_7d_up	on_c06_v4_d1.1019_t65_isotonic_fold_2020_COVID	regime_walkforward_v3_isotonic	2020 (COVID)	2019-12-31	2020	50	1.1019	uniform	fwd_7d_up	0.65	0.65	0.1	10	False	True	True	isotonic	training_set	euclidean	returns_only	8	25.10497111584068	0.004118600180662577	1390	107	11659
2026-03-17 03:40:19	on_c06_v4_d1.1019_t65_platt_fold_2021	13104	0.5768467643467643	0	0.0	0.0	0.0	0.0	0.0	0.24407	-0.00131	0.02352	fwd_7d_up	on_c06_v4_d1.1019_t65_platt_fold_2021	regime_walkforward_v3_platt	2021	2020-12-31	2021	50	1.1019	uniform	fwd_7d_up	0.65	0.65	0.1	10	False	True	True	platt	training_set	euclidean	returns_only	8	42.58646214896215	0.0042015218627278915	1818	70	11216
2026-03-17 03:40:19	on_c06_v4_d1.1019_t65_isotonic_fold_2021	13104	0.5790598290598291	0	0.0	0.0	0.0	0.0	0.0	0.24425	-0.00207	0.02352	fwd_7d_up	on_c06_v4_d1.1019_t65_isotonic_fold_2021	regime_walkforward_v3_isotonic	2021	2020-12-31	2021	50	1.1019	uniform	fwd_7d_up	0.65	0.65	0.1	10	False	True	True	isotonic	training_set	euclidean	returns_only	8	42.58646214896215	0.0042015218627278915	1818	70	11216
2026-03-17 03:47:47	on_c06_v4_d1.1019_t65_platt_fold_2022_Bear	13052	0.487434875881091	0	0.0	0.0	0.0	0.0	0.0	0.25786	-0.03208	0.03437	fwd_7d_up	on_c06_v4_d1.1019_t65_platt_fold_2022_Bear	regime_walkforward_v3_platt	2022 (Bear)	2021-12-31	2022	50	1.1019	uniform	fwd_7d_up	0.65	0.65	0.1	10	False	True	True	platt	training_set	euclidean	returns_only	8	21.170165491878638	0.00754091055089643	2542	143	10367
2026-03-17 03:47:48	on_c06_v4_d1.1019_t65_isotonic_fold_2022_Bear	13052	0.4875881091020533	0	0.0	0.0	0.0	0.0	0.0	0.25832	-0.03391	0.03437	fwd_7d_up	on_c06_v4_d1.1019_t65_isotonic_fold_2022_Bear	regime_walkforward_v3_isotonic	2022 (Bear)	2021-12-31	2022	50	1.1019	uniform	fwd_7d_up	0.65	0.65	0.1	10	False	True	True	isotonic	training_set	euclidean	returns_only	8	21.170165491878638	0.00754091055089643	2542	143	10367
2026-03-17 03:56:11	on_c06_v4_d1.1019_t65_platt_fold_2023	13000	0.5616923076923077	0	0.0	0.0	0.0	0.0	0.0	0.24611	-0.00029	0.02419	fwd_7d_up	on_c06_v4_d1.1019_t65_platt_fold_2023	regime_walkforward_v3_platt	2023	2022-12-31	2023	50	1.1019	uniform	fwd_7d_up	0.65	0.65	0.1	10	False	True	True	platt	training_set	euclidean	returns_only	8	40.14323076923077	0.005040886345989603	1880	87	11033
2026-03-17 03:56:11	on_c06_v4_d1.1019_t65_isotonic_fold_2023	13000	0.562923076923077	0	0.0	0.0	0.0	0.0	0.0	0.24617	-0.00052	0.02419	fwd_7d_up	on_c06_v4_d1.1019_t65_isotonic_fold_2023	regime_walkforward_v3_isotonic	2023	2022-12-31	2023	50	1.1019	uniform	fwd_7d_up	0.65	0.65	0.1	10	False	True	True	isotonic	training_set	euclidean	returns_only	8	40.14323076923077	0.005040886345989603	1880	87	11033
2026-03-17 04:05:35	on_c06_v4_d1.1019_t65_platt_fold_2024_Standard_Val	13104	0.5663156288156288	0	0.0	0.0	0.0	0.0	0.0	0.24547	0.00103	0.02458	fwd_7d_up	on_c06_v4_d1.1019_t65_platt_fold_2024_Standard_Val	regime_walkforward_v3_platt	2024 (Standard Val)	2023-12-31	2024	50	1.1019	uniform	fwd_7d_up	0.65	0.65	0.1	10	False	True	True	platt	training_set	euclidean	returns_only	8	41.92162698412698	0.004084163794737488	1660	62	11382
2026-03-17 04:05:35	on_c06_v4_d1.1019_t65_isotonic_fold_2024_Standard_Val	13104	0.5653998778998779	0	0.0	0.0	0.0	0.0	0.0	0.24554	0.00074	0.02458	fwd_7d_up	on_c06_v4_d1.1019_t65_isotonic_fold_2024_Standard_Val	regime_walkforward_v3_isotonic	2024 (Standard Val)	2023-12-31	2024	50	1.1019	uniform	fwd_7d_up	0.65	0.65	0.1	10	False	True	True	isotonic	training_set	euclidean	returns_only	8	41.92162698412698	0.004084163794737488	1660	62	11382
2026-03-17 04:10:44	on_c07_v4_d1.1019_t60_platt_fold_2019	13104	0.612408424908425	334	0.025488400488400488	0.6377245508982036	0.6377245508982036	1.0	0.7787934186471663	0.23948	-0.01211	0.02104	fwd_7d_up	on_c07_v4_d1.1019_t60_platt_fold_2019	regime_walkforward_v3_platt	2019	2018-12-31	2019	50	1.1019	uniform	fwd_7d_up	0.6	0.6	0.1	10	False	True	True	platt	training_set	euclidean	returns_only	8	39.317994505494504	0.003963060140140109	4450	426	8228
2026-03-17 04:10:44	on_c07_v4_d1.1019_t60_isotonic_fold_2019	13104	0.6156898656898657	1368	0.1043956043956044	0.6206140350877193	0.6206140350877193	1.0	0.7658998646820027	0.23973	-0.01318	0.02104	fwd_7d_up	on_c07_v4_d1.1019_t60_isotonic_fold_2019	regime_walkforward_v3_isotonic	2019	2018-12-31	2019	50	1.1019	uniform	fwd_7d_up	0.6	0.6	0.1	10	False	True	True	isotonic	training_set	euclidean	returns_only	8	39.317994505494504	0.003963060140140109	4450	426	8228
2026-03-17 04:16:29	on_c07_v4_d1.1019_t60_platt_fold_2020_COVID	13156	0.5741106719367589	791	0.060124657950744904	0.6232616940581542	0.6232616940581542	1.0	0.7679127725856698	0.24486	-0.00142	0.03214	fwd_7d_up	on_c07_v4_d1.1019_t60_platt_fold_2020_COVID	regime_walkforward_v3_platt	2020 (COVID)	2019-12-31	2020	50	1.1019	uniform	fwd_7d_up	0.6	0.6	0.1	10	False	True	True	platt	training_set	euclidean	returns_only	8	25.10497111584068	0.004118600180662577	2975	325	9856
2026-03-17 04:16:29	on_c07_v4_d1.1019_t60_isotonic_fold_2020_COVID	13156	0.5741106719367589	1889	0.14358467619337184	0.5849655902593965	0.5849655902593965	1.0	0.7381429525718103	0.24492	-0.0017	0.03214	fwd_7d_up	on_c07_v4_d1.1019_t60_isotonic_fold_2020_COVID	regime_walkforward_v3_isotonic	2020 (COVID)	2019-12-31	2020	50	1.1019	uniform	fwd_7d_up	0.6	0.6	0.1	10	False	True	True	isotonic	training_set	euclidean	returns_only	8	25.10497111584068	0.004118600180662577	2975	325	9856
2026-03-17 04:23:08	on_c07_v4_d1.1019_t60_platt_fold_2021	13104	0.5768467643467643	329	0.025106837606837608	0.601823708206687	0.601823708206687	1.0	0.7514231499051234	0.24407	-0.00131	0.02352	fwd_7d_up	on_c07_v4_d1.1019_t60_platt_fold_2021	regime_walkforward_v3_platt	2021	2020-12-31	2021	50	1.1019	uniform	fwd_7d_up	0.6	0.6	0.1	10	False	True	True	platt	training_set	euclidean	returns_only	8	42.58646214896215	0.0042015218627278915	4662	378	8064
2026-03-17 04:23:08	on_c07_v4_d1.1019_t60_isotonic_fold_2021	13104	0.5790598290598291	1048	0.07997557997557997	0.5963740458015268	0.5963740458015268	1.0	0.7471607890017932	0.24425	-0.00207	0.02352	fwd_7d_up	on_c07_v4_d1.1019_t60_isotonic_fold_2021	regime_walkforward_v3_isotonic	2021	2020-12-31	2021	50	1.1019	uniform	fwd_7d_up	0.6	0.6	0.1	10	False	True	True	isotonic	training_set	euclidean	returns_only	8	42.58646214896215	0.0042015218627278915	4662	378	8064
2026-03-17 04:30:36	on_c07_v4_d1.1019_t60_platt_fold_2022_Bear	13052	0.487434875881091	1335	0.10228317499233834	0.4868913857677903	0.4868913857677903	1.0	0.654911838790932	0.25786	-0.03208	0.03437	fwd_7d_up	on_c07_v4_d1.1019_t60_platt_fold_2022_Bear	regime_walkforward_v3_platt	2022 (Bear)	2021-12-31	2022	50	1.1019	uniform	fwd_7d_up	0.6	0.6	0.1	10	False	True	True	platt	training_set	euclidean	returns_only	8	21.170165491878638	0.00754091055089643	4203	380	8469
2026-03-17 04:30:37	on_c07_v4_d1.1019_t60_isotonic_fold_2022_Bear	13052	0.4875881091020533	2964	0.22709163346613545	0.4898785425101215	0.4898785425101215	1.0	0.657608695652174	0.25832	-0.03391	0.03437	fwd_7d_up	on_c07_v4_d1.1019_t60_isotonic_fold_2022_Bear	regime_walkforward_v3_isotonic	2022 (Bear)	2021-12-31	2022	50	1.1019	uniform	fwd_7d_up	0.6	0.6	0.1	10	False	True	True	isotonic	training_set	euclidean	returns_only	8	21.170165491878638	0.00754091055089643	4203	380	8469
2026-03-17 04:39:01	on_c07_v4_d1.1019_t60_platt_fold_2023	13000	0.5616923076923077	348	0.02676923076923077	0.5545977011494253	0.5545977011494253	1.0	0.7134935304990758	0.24611	-0.00029	0.02419	fwd_7d_up	on_c07_v4_d1.1019_t60_platt_fold_2023	regime_walkforward_v3_platt	2023	2022-12-31	2023	50	1.1019	uniform	fwd_7d_up	0.6	0.6	0.1	10	False	True	True	platt	training_set	euclidean	returns_only	8	40.14323076923077	0.005040886345989603	4424	368	8208
2026-03-17 04:39:01	on_c07_v4_d1.1019_t60_isotonic_fold_2023	13000	0.562923076923077	944	0.07261538461538461	0.576271186440678	0.576271186440678	1.0	0.7311827956989247	0.24617	-0.00052	0.02419	fwd_7d_up	on_c07_v4_d1.1019_t60_isotonic_fold_2023	regime_walkforward_v3_isotonic	2023	2022-12-31	2023	50	1.1019	uniform	fwd_7d_up	0.6	0.6	0.1	10	False	True	True	isotonic	training_set	euclidean	returns_only	8	40.14323076923077	0.005040886345989603	4424	368	8208
2026-03-17 04:48:26	on_c07_v4_d1.1019_t60_platt_fold_2024_Standard_Val	13104	0.5663156288156288	250	0.01907814407814408	0.616	0.616	1.0	0.7623762376237624	0.24547	0.00103	0.02458	fwd_7d_up	on_c07_v4_d1.1019_t60_platt_fold_2024_Standard_Val	regime_walkforward_v3_platt	2024 (Standard Val)	2023-12-31	2024	50	1.1019	uniform	fwd_7d_up	0.6	0.6	0.1	10	False	True	True	platt	training_set	euclidean	returns_only	8	41.92162698412698	0.004084163794737488	4248	366	8490
2026-03-17 04:48:26	on_c07_v4_d1.1019_t60_isotonic_fold_2024_Standard_Val	13104	0.5653998778998779	569	0.04342185592185592	0.6115992970123023	0.6115992970123023	1.0	0.7589967284623773	0.24554	0.00074	0.02458	fwd_7d_up	on_c07_v4_d1.1019_t60_isotonic_fold_2024_Standard_Val	regime_walkforward_v3_isotonic	2024 (Standard Val)	2023-12-31	2024	50	1.1019	uniform	fwd_7d_up	0.6	0.6	0.1	10	False	True	True	isotonic	training_set	euclidean	returns_only	8	41.92162698412698	0.004084163794737488	4248	366	8490
2026-03-17 04:53:37	on_c08_v4_d1.2457_t60_platt_fold_2019	13104	0.612408424908425	368	0.028083028083028084	0.654891304347826	0.654891304347826	1.0	0.7914614121510674	0.23952	-0.01228	0.02125	fwd_7d_up	on_c08_v4_d1.2457_t60_platt_fold_2019	regime_walkforward_v3_platt	2019	2018-12-31	2019	50	1.2457	uniform	fwd_7d_up	0.6	0.6	0.1	10	False	True	True	platt	training_set	euclidean	returns_only	8	41.39384920634921	0.004069433870757472	4645	450	8009
2026-03-17 04:53:37	on_c08_v4_d1.2457_t60_isotonic_fold_2019	13104	0.6156898656898657	1298	0.09905372405372405	0.6271186440677966	0.6271186440677966	1.0	0.7708333333333334	0.2398	-0.01345	0.02125	fwd_7d_up	on_c08_v4_d1.2457_t60_isotonic_fold_2019	regime_walkforward_v3_isotonic	2019	2018-12-31	2019	50	1.2457	uniform	fwd_7d_up	0.6	0.6	0.1	10	False	True	True	isotonic	training_set	euclidean	returns_only	8	41.39384920634921	0.004069433870757472	4645	450	8009
2026-03-17 04:59:21	on_c08_v4_d1.2457_t60_platt_fold_2020_COVID	13156	0.5693979933110368	829	0.0630130738826391	0.6308805790108565	0.6308805790108565	1.0	0.7736686390532544	0.24465	-0.00059	0.03255	fwd_7d_up	on_c08_v4_d1.2457_t60_platt_fold_2020_COVID	regime_walkforward_v3_platt	2020 (COVID)	2019-12-31	2020	50	1.2457	uniform	fwd_7d_up	0.6	0.6	0.1	10	False	True	True	platt	training_set	euclidean	returns_only	8	28.015734265734267	0.004767773184585207	3354	371	9431
2026-03-17 04:59:21	on_c08_v4_d1.2457_t60_isotonic_fold_2020_COVID	13156	0.5741106719367589	1651	0.12549407114624506	0.6165960024227741	0.6165960024227741	1.0	0.7628325215436493	0.24476	-0.00105	0.03255	fwd_7d_up	on_c08_v4_d1.2457_t60_isotonic_fold_2020_COVID	regime_walkforward_v3_isotonic	2020 (COVID)	2019-12-31	2020	50	1.2457	uniform	fwd_7d_up	0.6	0.6	0.1	10	False	True	True	isotonic	training_set	euclidean	returns_only	8	28.015734265734267	0.004767773184585207	3354	371	9431
2026-03-17 05:06:02	on_c08_v4_d1.2457_t60_platt_fold_2021	13104	0.5782203907203908	356	0.027167277167277168	0.5955056179775281	0.5955056179775281	1.0	0.7464788732394366	0.24415	-0.00166	0.02363	fwd_7d_up	on_c08_v4_d1.2457_t60_platt_fold_2021	regime_walkforward_v3_platt	2021	2020-12-31	2021	50	1.2457	uniform	fwd_7d_up	0.6	0.6	0.1	10	False	True	True	platt	training_set	euclidean	returns_only	8	44.605845543345545	0.004332258723695837	4815	378	7911
2026-03-17 05:06:02	on_c08_v4_d1.2457_t60_isotonic_fold_2021	13104	0.5790598290598291	967	0.0737942612942613	0.5915201654601862	0.5915201654601862	1.0	0.7433398310591293	0.24431	-0.00231	0.02363	fwd_7d_up	on_c08_v4_d1.2457_t60_isotonic_fold_2021	regime_walkforward_v3_isotonic	2021	2020-12-31	2021	50	1.2457	uniform	fwd_7d_up	0.6	0.6	0.1	10	False	True	True	isotonic	training_set	euclidean	returns_only	8	44.605845543345545	0.004332258723695837	4815	378	7911
2026-03-17 05:13:32	on_c08_v4_d1.2457_t60_platt_fold_2022_Bear	13052	0.48774134232301564	1613	0.12358259270609868	0.504649721016739	0.504649721016739	1.0	0.6707869798104656	0.25784	-0.03199	0.03464	fwd_7d_up	on_c08_v4_d1.2457_t60_platt_fold_2022_Bear	regime_walkforward_v3_platt	2022 (Bear)	2021-12-31	2022	50	1.2457	uniform	fwd_7d_up	0.6	0.6	0.1	10	False	True	True	platt	training_set	euclidean	returns_only	8	25.220962304627644	0.00769720147867013	4824	435	7793
2026-03-17 05:13:32	on_c08_v4_d1.2457_t60_isotonic_fold_2022_Bear	13052	0.4875881091020533	2902	0.222341403616304	0.4948311509303928	0.4948311509303928	1.0	0.6620562471184878	0.25836	-0.03407	0.03464	fwd_7d_up	on_c08_v4_d1.2457_t60_isotonic_fold_2022_Bear	regime_walkforward_v3_isotonic	2022 (Bear)	2021-12-31	2022	50	1.2457	uniform	fwd_7d_up	0.6	0.6	0.1	10	False	True	True	isotonic	training_set	euclidean	returns_only	8	25.220962304627644	0.00769720147867013	4824	435	7793
2026-03-17 05:21:57	on_c08_v4_d1.2457_t60_platt_fold_2023	13000	0.5606153846153846	332	0.025538461538461538	0.5903614457831325	0.5903614457831325	1.0	0.7424242424242424	0.24621	-0.0007	0.02444	fwd_7d_up	on_c08_v4_d1.2457_t60_platt_fold_2023	regime_walkforward_v3_platt	2023	2022-12-31	2023	50	1.2457	uniform	fwd_7d_up	0.6	0.6	0.1	10	False	True	True	platt	training_set	euclidean	returns_only	8	42.372461538461536	0.005057560272640622	4584	391	8025
2026-03-17 05:21:57	on_c08_v4_d1.2457_t60_isotonic_fold_2023	13000	0.562923076923077	622	0.047846153846153844	0.5819935691318328	0.5819935691318328	1.0	0.7357723577235772	0.24626	-0.00088	0.02444	fwd_7d_up	on_c08_v4_d1.2457_t60_isotonic_fold_2023	regime_walkforward_v3_isotonic	2023	2022-12-31	2023	50	1.2457	uniform	fwd_7d_up	0.6	0.6	0.1	10	False	True	True	isotonic	training_set	euclidean	returns_only	8	42.372461538461536	0.005057560272640622	4584	391	8025
2026-03-17 05:31:21	on_c08_v4_d1.2457_t60_platt_fold_2024_Standard_Val	13104	0.5645604395604396	195	0.01488095238095238	0.5897435897435898	0.5897435897435898	1.0	0.7419354838709677	0.2456	0.00049	0.02477	fwd_7d_up	on_c08_v4_d1.2457_t60_platt_fold_2024_Standard_Val	regime_walkforward_v3_platt	2024 (Standard Val)	2023-12-31	2024	50	1.2457	uniform	fwd_7d_up	0.6	0.6	0.1	10	False	True	True	platt	training_set	euclidean	returns_only	8	43.884310134310134	0.003999456237812694	4385	388	8331
2026-03-17 05:31:21	on_c08_v4_d1.2457_t60_isotonic_fold_2024_Standard_Val	13104	0.5653998778998779	924	0.07051282051282051	0.6006493506493507	0.6006493506493507	1.0	0.7505070993914807	0.2456	0.0005	0.02477	fwd_7d_up	on_c08_v4_d1.2457_t60_isotonic_fold_2024_Standard_Val	regime_walkforward_v3_isotonic	2024 (Standard Val)	2023-12-31	2024	50	1.2457	uniform	fwd_7d_up	0.6	0.6	0.1	10	False	True	True	isotonic	training_set	euclidean	returns_only	8	43.884310134310134	0.003999456237812694	4385	388	8331
